datetime_CO2_rf_113,CO2_ref_113,CO2_fit_113,CO2_T_113,CO2_RH_113
2016-09-24 17:45:00,417.815,416.909865466667,22.5169,51.8339
2016-09-24 18:00:00,418.075,417.013774133334,22.2759,52.3667
2016-09-24 18:14:59,415.632,416.079805800001,21.9623,52.683
2016-09-24 18:30:00,416.493,416.699943566666,21.6623,53.2472
2016-09-24 18:45:00,418.782,418.487842733334,21.3283,53.975
2016-09-24 18:59:59,418.826,418.9858314,21.0208,54.6736
2016-09-24 19:15:00,417.948,418.226870433334,20.7509,55.2528
2016-09-24 19:30:00,416.267,417.5366574,20.3685,55.9185
2016-09-24 19:44:59,416.923,418.300994500001,20.1763,56.5712
2016-09-24 20:00:00,419.351,418.437153933333,19.9132,57.3396
2016-09-24 20:15:00,418.263,418.553643400001,19.5981,57.7453
2016-09-24 20:29:59,417.267,417.777064666667,19.3327,58.1345
2016-09-24 20:45:00,417.77,419.388147666666,19.1121,58.7483
2016-09-24 21:00:00,417.942,418.7701532,18.8075,59.3906
2016-09-24 21:14:59,419.01,420.4641977,18.5585,60.1113
2016-09-24 21:30:00,420.161,422.897857666665,18.2821,60.6625
2016-09-24 21:45:00,418.171,419.3357544,17.9263,60.6842
2016-09-24 21:59:59,419.065,419.352019133334,17.6868,61.0434
2016-09-24 22:15:00,419.98,419.8788266,17.4574,61.2926
2016-09-24 22:30:00,419.494,419.622311466667,17.1328,61.2224
2016-09-24 22:44:59,417.203,418.573795466667,16.9091,61.2273
2016-09-24 23:00:00,419.42,420.350006433333,16.6264,61.8623
2016-09-24 23:15:00,422.419,423.261658833333,16.3811,62.7604
2016-09-24 23:29:59,423.727,423.5764517,16.1119,63.3492
2016-09-24 23:45:00,422.74,421.927371999999,15.9111,63.4407
2016-09-25 00:00:00,421.259,421.101581633333,15.634,63.8415
2016-09-25 00:14:59,421.826,422.291314166666,15.4245,64.3151
2016-09-25 00:30:00,422.003,421.311768399999,15.2117,64.7233
2016-09-25 00:45:00,422.092,422.0376919,14.9736,65.1642
2016-09-25 00:59:59,421.573,421.994154366666,14.7204,65.6685
2016-09-25 01:15:00,422.878,421.569248033332,14.5745,66.2036
2016-09-25 01:30:00,422.559,422.417899533333,14.381,66.781
2016-09-25 01:44:59,422.608,421.955198666667,14.1604,67.317
2016-09-25 02:00:00,420.127,420.0549547,13.9396,67.7774
2016-09-25 02:15:00,421.128,421.958235766666,13.7786,68.3804
2016-09-25 02:29:59,422.824,422.569722533332,13.6053,69.0965
2016-09-25 02:45:00,426.596,426.913131133333,13.4245,69.7679
2016-09-25 03:00:00,428.231,427.398204533333,13.183,70.3642
2016-09-25 03:14:59,429.449,427.612202066666,13.0965,70.9684
2016-09-25 03:30:00,428.35,427.842911366667,12.9518,71.5732
2016-09-25 03:45:00,429.25,428.912257766667,12.7868,72.0321
2016-09-25 03:59:59,429.106,429.4109284,12.5906,72.5019
2016-09-25 04:15:00,429.902,429.8761034,12.4276,73.1052
2016-09-25 04:30:00,431.212,430.657641733333,12.2491,73.6691
2016-09-25 04:44:59,430.924,429.938797933334,12.2,74.2642
2016-09-25 05:00:00,430.837,431.134765433333,12.0849,74.9057
2016-09-25 05:15:00,432.976,432.987956166666,11.9186,75.5085
2016-09-25 05:29:59,433.979,433.738108966666,11.8,75.8611
2016-09-25 05:45:00,433.369,433.0965579,11.7019,75.9648
2016-09-25 06:00:00,433.568,433.521154233333,11.563,76.0093
2016-09-25 06:14:59,435.087,433.9463513,11.5,76.2831
2016-09-25 06:30:00,435.335,433.282137966666,11.5,76.4283
2016-09-25 06:45:00,433.285,432.251220966667,11.5,76.1019
2016-09-25 06:59:59,432.807,432.1160537,11.5,75.7964
2016-09-25 07:15:00,432.029,431.680498066667,11.6983,75.231
2016-09-25 07:30:00,431.066,430.169131433333,12.1472,73.0906
2016-09-25 07:44:59,430.842,430.0907698,12.7679,73.3906
2016-09-25 08:00:00,429.581,428.706430566667,13.5732,71.5
2016-09-25 08:15:00,427.913,427.924077833334,14.9596,69.0246
2016-09-25 08:29:59,427.107,427.928206566666,16.3885,65.8231
2016-09-25 08:45:00,427.161,427.528500466666,17.4472,62.9358
2016-09-25 09:00:00,425.539,426.120716200001,18.5793,60.3603
2016-09-25 09:14:59,426.258,427.182554633334,19.4964,57.96
2016-09-25 09:30:00,423.845,425.3530683,19.7941,56.3176
2016-09-25 09:45:00,422.192,423.573470933334,19.7,56.1296
2016-09-25 09:59:59,421.05,421.557966866667,19.8576,56.0119
2016-09-25 10:15:00,420.783,420.8530021,20.0444,55.7407
2016-09-25 10:30:00,419.862,420.004211766666,20.2113,55.4132
2016-09-25 10:44:59,418.692,418.6893118,20.6786,54.825
2016-09-25 11:00:00,416.4,417.220350133333,21.0789,54.2842
2016-09-25 11:15:00,414.99,416.236158033333,21.4264,53.3057
2016-09-25 11:29:59,414.838,415.503331466666,21.7132,52.3075
2016-09-25 11:45:00,412.199,413.5270442,21.9737,50.7246
2016-09-25 12:00:00,412.922,413.993224566667,22.2643,51.05
2016-09-25 12:14:59,412.309,413.130185166666,22.5962,49.9208
2016-09-25 12:30:00,412.21,412.696657533333,22.8792,48.7774
2016-09-25 12:45:00,410.725,411.295635566667,22.9707,47.6052
2016-09-25 12:59:59,410.608,411.262026833334,23,47.2109
2016-09-25 13:15:00,410.32,411.000100800001,23.1113,46.1887
2016-09-25 13:30:00,411.139,411.2868381,23.2,45.55
2016-09-25 13:44:59,411.497,411.306001933334,23.2,44.9356
2016-09-25 14:00:00,411.146,411.253249566667,23.2,44.9321
2016-09-25 14:15:00,410.446,411.094949066667,23.2,44.4377
2016-09-25 14:29:59,411.598,411.241105033333,23.2,44.2315
2016-09-25 14:45:00,410.789,410.932798033333,23.2678,43.7203
2016-09-25 15:00:00,411.56,411.558099133333,23.3,42.6585
2016-09-25 15:14:59,411.146,411.554357433333,23.3,42.3741
2016-09-25 15:30:00,410.575,411.212595666667,23.3,42.1286
2016-09-25 15:45:00,411.91,411.875932766668,23.3649,41.5702
2016-09-25 15:59:59,412.659,412.927561733335,23.5547,41.3547
2016-09-25 16:15:00,412.607,412.889463633334,23.872,41.04
2016-09-25 16:30:00,413.17,413.353516966668,23.9889,40.6278
2016-09-25 16:44:59,413.049,413.226413266667,23.9491,40.8887
2016-09-25 17:00:00,412.913,413.204543800001,23.8259,40.9833
2016-09-25 17:15:00,413.027,414.821115733333,23.6576,41.0492
2016-09-25 17:29:59,415.756,418.022259399999,23.4962,41.2019
2016-09-25 17:45:00,421.769,422.8253616,23.266,41.5906
2016-09-25 18:00:00,425.036,425.519628133333,21.0273,42.7618
2016-09-25 18:14:59,423.724,424.396989733333,22.5052,44.0793
2016-09-25 18:30:00,419.785,421.7899409,22.0943,45.3547
2016-09-25 18:45:00,417.464,419.883418000001,21.6792,46.317
2016-09-25 18:59:59,419.156,421.049161033333,21.2821,47.2821
2016-09-25 19:15:00,419.133,420.026936666667,20.9368,48.3333
2016-09-25 19:30:00,419.761,421.0168673,20.5962,49.383
2016-09-25 19:44:59,420.167,420.6469453,20.2321,50.0811
2016-09-25 20:00:00,421.818,424.900356733334,20.0526,50.6211
2016-09-25 20:15:00,427.58,428.554554799999,19.6393,51.7411
2016-09-25 20:29:59,428.48,429.690448966667,19.263,52.0648
2016-09-25 20:45:00,432.228,433.598235633334,18.9736,52.8226
2016-09-25 21:00:00,439.294,439.0126975,18.639,53.4763
2016-09-25 21:14:59,432.866,429.779613533334,18.2648,54.4167
2016-09-25 21:30:00,436.835,437.717898333334,17.8547,55.2585
2016-09-25 21:45:00,439.808,439.170458533333,17.6415,56.0491
2016-09-25 21:59:59,435.888,436.308948733334,17.44,56.6483
2016-09-25 22:15:00,439.016,436.813718366667,17.2038,57.1377
2016-09-25 22:30:00,434.122,433.935566333334,17.0226,57.2943
2016-09-25 22:44:59,425.118,428.457617466666,16.9944,57.1648
2016-09-25 23:00:00,425.529,428.488165033333,16.8932,57.5271
2016-09-25 23:15:00,427.653,428.089105899999,16.7415,58.117
2016-09-25 23:29:59,436.284,437.070896800001,16.5604,59.1679
2016-09-25 23:45:00,438.69,438.476263033333,16.3273,59.9345
2016-09-26 00:00:00,437.642,433.386774533333,16.1328,60.7017
2016-09-26 00:14:59,438.636,434.925585633333,15.9849,61.2736
2016-09-26 00:30:00,436.024,435.7401076,15.8547,61.9641
2016-09-26 00:45:00,439.542,439.432801666666,15.6786,62.8804
2016-09-26 00:59:59,437.438,439.319155399999,15.5214,63.3714
2016-09-26 01:15:00,439.272,442.2115244,15.4,64.1377
2016-09-26 01:30:00,443.106,442.4677607,15.3358,64.7792
2016-09-26 01:44:59,441.481,441.7934006,15.2207,65.2724
2016-09-26 02:00:00,437.536,439.810446399999,15.0964,65.6818
2016-09-26 02:15:00,440.459,440.6422998,14.9717,66.3906
2016-09-26 02:29:59,440.929,441.9891957,14.8094,66.9717
2016-09-26 02:45:00,445.196,443.869919833333,14.6288,68.0085
2016-09-26 03:00:00,445.07,443.669086866667,14.5481,68.7056
2016-09-26 03:14:59,447.641,446.152367433334,14.3698,69.3943
2016-09-26 03:30:00,449.133,448.6291265,14.2208,69.9377
2016-09-26 03:45:00,451.047,449.7304295,14.075,70.79
2016-09-26 03:59:59,451.003,449.0243602,14,71.6019
2016-09-26 04:15:00,450.673,445.857154166667,12.034,72.2887
2016-09-26 04:30:00,451.997,450.082707700001,13.8109,72.9636
2016-09-26 04:44:59,456.378,454.203094933333,13.8,73.6569
2016-09-26 05:00:00,462.026,460.039335733334,13.734,74.3132
2016-09-26 05:15:00,466,464.808213100001,13.6585,74.7736
2016-09-26 05:29:59,474.982,471.551082866667,13.5964,75.2661
2016-09-26 05:45:00,473.782,472.756926966668,13.5158,75.4316
2016-09-26 06:00:00,479.385,476.678216033334,13.5,75.8509
2016-09-26 06:14:59,480.09,477.192376766667,13.5,75.7556
2016-09-26 06:30:00,479.058,477.6453364,13.5724,75.7069
2016-09-26 06:45:00,477.423,476.255393133334,13.7418,75.2236
2016-09-26 06:59:59,477.066,478.716611933334,13.9132,74.8
2016-09-26 07:15:00,471.765,473.368757033335,14.3717,74.5566
2016-09-26 07:30:00,465.518,466.571761033334,15.0847,73.5458
2016-09-26 07:44:59,464.254,463.1823839,15.9574,71.987
2016-09-26 08:00:00,455.295,454.129244000001,17.0321,70.134
2016-09-26 08:15:00,443.407,446.975610100001,17.95,68.1815
2016-09-26 08:29:59,441.812,443.909319866667,19.0153,66.6475
2016-09-26 08:45:00,438.433,438.921225166667,20.1396,64.8528
2016-09-26 09:00:00,434.044,436.727802533333,20.9075,63.4755
2016-09-26 09:14:59,433.567,433.673988233334,21.902,61.714
2016-09-26 09:30:00,432.372,429.973379933334,22.7208,59.9189
2016-09-26 09:45:00,430.938,429.020470466667,23.2228,58.6737
2016-09-26 09:59:59,430.126,430.020726333333,23.6125,58.5357
2016-09-26 10:15:00,429.972,429.3988066,24.2038,58.2135
2016-09-26 10:30:00,431.137,428.7734571,24.7245,57.983
2016-09-26 10:44:59,429.419,428.630067466666,25.3542,57.6695
2016-09-26 11:00:00,426.922,426.605746333333,26.0889,57.3352
2016-09-26 11:15:00,423.898,424.102769466666,26.8566,56.7981
2016-09-26 11:29:59,421.783,421.8722876,27.4151,56.0019
2016-09-26 11:45:00,419.442,420.698051766667,27.7767,55.69
2016-09-26 12:00:00,418.462,419.568045733333,28.2865,55.2712
2016-09-26 12:14:59,421.088,424.239979566666,28.2132,56.3113
2016-09-26 12:30:00,432.987,431.843310433333,27.0673,60.0891
2016-09-26 12:45:00,427.426,429.294522333334,25.8207,64.3776
2016-09-26 12:59:59,427.9,427.958753366666,25.3321,64.5849
2016-09-26 13:15:00,427.277,427.9314238,23.1698,61.5868
2016-09-26 13:30:00,426.062,427.367467700001,24.8732,61.2732
2016-09-26 13:44:59,425.448,426.8748737,25.086,60.2298
2016-09-26 14:00:00,427.991,428.052345733333,25.1113,59.517
2016-09-26 14:15:00,428.934,428.668858166667,25.0226,59.0113
2016-09-26 14:29:59,431.307,430.333723266667,24.419,59.1931
2016-09-26 14:45:00,434.815,431.6253841,23.7109,59.1745
2016-09-26 15:00:00,438.834,434.104528733334,23.2132,60.3623
2016-09-26 15:14:59,431.53,431.131772666667,22.883,61.8302
2016-09-26 15:30:00,433.474,431.040890166666,22.7153,62.722
2016-09-26 15:45:00,436.821,433.0828442,22.3741,63.9944
2016-09-26 15:59:59,435.929,435.790517133334,22.083,65.6585
2016-09-26 16:15:00,434.078,431.309682066667,21.787,66.0315
2016-09-26 16:30:00,431.86,430.609308233333,21.5831,66.6797
2016-09-26 16:44:59,429.181,428.4316153,21.2698,67.0208
2016-09-26 17:00:00,425.703,425.885683533334,21.0283,67.1887
2016-09-26 17:15:00,426.869,427.433992933333,20.88,67.7273
2016-09-26 17:29:59,427.704,427.557646666666,20.6614,67.786
2016-09-26 17:45:00,423.503,423.014314333333,20.4038,67.0811
2016-09-26 18:00:00,420.807,421.830144166666,20.2,66.4547
2016-09-26 18:14:59,420.271,421.772261466666,20.1526,66.8439
2016-09-26 18:30:00,423.43,423.009702633333,19.9643,67.4696
2016-09-26 18:45:00,422.657,422.804035566667,19.8472,67.7906
2016-09-26 18:59:59,421.873,423.019983033334,19.7075,68.466
2016-09-26 19:15:00,423.428,423.460399866667,19.581,69.2672
2016-09-26 19:30:00,423.656,423.625733933333,19.4315,70.0889
2016-09-26 19:44:59,422.66,423.4659368,19.3113,70.7717
2016-09-26 20:00:00,423.775,423.593544466666,19.2623,71.0849
2016-09-26 20:15:00,421.712,422.5883247,19,71.4817
2016-09-26 20:29:59,422.746,423.402727400001,18.7151,72.2698
2016-09-26 20:45:00,426.682,426.198150966667,18.5358,73.2076
2016-09-26 21:00:00,426.616,426.734422066667,18.2981,73.9833
2016-09-26 21:14:59,426.835,426.970479233333,18.0593,74.3458
2016-09-26 21:30:00,427.861,427.794459800001,17.863,73.9444
2016-09-26 21:45:00,430.339,428.953212033334,17.7167,73.0574
2016-09-26 21:59:59,432.562,430.039212533334,15.4911,72.8036
2016-09-26 22:15:00,429.734,428.2676482,17.2965,73.6561
2016-09-26 22:30:00,428.819,427.7168313,17.017,74.0283
2016-09-26 22:44:59,430.484,430.110564833334,16.8509,73.9226
2016-09-26 23:00:00,431.091,429.428307633333,16.6,74.3509
2016-09-26 23:15:00,432.349,430.623984466667,16.3464,75.0232
2016-09-26 23:29:59,434.424,431.1058117,16.1304,75.5696
2016-09-26 23:45:00,433.829,432.323833899999,15.9818,75.72
2016-09-27 00:00:00,432.65,432.541423799999,15.7152,76.3826
2016-09-27 00:14:59,433.383,431.8415432,15.4109,77.3273
2016-09-27 00:30:00,432.856,431.291051466666,15.1264,78.0396
2016-09-27 00:45:00,433.808,431.472447466666,14.8245,78.7434
2016-09-27 00:59:59,433.604,432.459062033333,14.5804,79.3929
2016-09-27 01:15:00,433.255,430.0861566,14.3875,80.1911
2016-09-27 01:30:00,434.404,433.677626,14.2377,80.8868
2016-09-27 01:44:59,436.156,435.060880466666,14.083,81.217
2016-09-27 02:00:00,435.273,435.177396533333,13.9655,81.8759
2016-09-27 02:15:00,436.097,435.9043223,13.837,82.3389
2016-09-27 02:29:59,436.687,435.513320666667,13.7925,82.6453
2016-09-27 02:45:00,435.865,435.024523233333,13.7019,82.7585
2016-09-27 03:00:00,436.757,436.4035886,13.7,82.5617
2016-09-27 03:14:59,435.758,435.591778366667,13.6,82.2377
2016-09-27 03:30:00,434.86,434.827741066666,13.5321,81.934
2016-09-27 03:45:00,436.154,436.240631333333,13.4704,81.6167
2016-09-27 03:59:59,437.128,436.823683666666,13.2881,81.6237
2016-09-27 04:15:00,438.484,436.235578,10.9868,81.7283
2016-09-27 04:30:00,437.659,437.318853966666,13.0547,81.8736
2016-09-27 04:44:59,437.917,437.332788266666,12.9429,82.0411
2016-09-27 05:00:00,439.995,438.5505717,12.8228,82.1649
2016-09-27 05:15:00,440.594,437.027538300001,12.7358,82.3132
2016-09-27 05:29:59,440.503,437.474255766666,12.6189,82.4943
2016-09-27 05:45:00,440.663,447.644267166667,12.5281,82.6316
2016-09-27 06:00:00,440.953,440.1076748,12.4286,82.7643
2016-09-27 06:14:59,441.918,445.013893833334,12.3792,82.8566
2016-09-27 06:30:00,442.547,442.526301899999,12.3,82.8245
2016-09-27 06:45:00,441.489,441.302501166667,12.3293,82.9569
2016-09-27 06:59:59,440.285,437.566906666667,12.5019,82.7074
2016-09-27 07:15:00,435.874,432.164291166668,12.834,81.883
2016-09-27 07:30:00,438.073,436.302427566667,13.2811,80.9509
2016-09-27 07:44:59,436.417,434.533588299999,13.89,79.3217
2016-09-27 08:00:00,435.158,433.2099797,14.7208,77.4396
2016-09-27 08:15:00,432.481,429.942808533333,15.8906,74.3358
2016-09-27 08:29:59,431.412,429.2088954,17.1907,70.6389
2016-09-27 08:45:00,433.84,430.819485866666,16.5052,66.5983
2016-09-27 09:00:00,433.774,431.344508066667,19.1509,63.5132
2016-09-27 09:14:59,433.918,430.835498233334,19.5981,61.0943
2016-09-27 09:30:00,430.462,428.547051633333,19.7357,59.2821
2016-09-27 09:45:00,427.151,425.272724766668,20.0053,58.0597
2016-09-27 09:59:59,424.917,422.689560033333,20.1981,55.6283
2016-09-27 10:15:00,423.904,422.1398748,20.4,53.6415
2016-09-27 10:30:00,421.65,420.855791466666,20.8912,51.2368
2016-09-27 10:44:59,420.494,420.089366933334,21.2232,49.4357
2016-09-27 11:00:00,419.384,419.368979666666,21.5453,47.6057
2016-09-27 11:15:00,418.613,418.716115033334,21.8226,45.7604
2016-09-27 11:29:59,416.723,417.327401833333,21.9729,42.7847
2016-09-27 11:45:00,417.752,417.1954446,22.1815,42.6944
2016-09-27 12:00:00,416.737,417.115556366666,22.4679,40.8075
2016-09-27 12:14:59,417.658,417.3601023,22.5566,38.4132
2016-09-27 12:30:00,417.839,417.2995689,22.585,39.0483
2016-09-27 12:45:00,416.176,416.476754600001,22.6528,38.4113
2016-09-27 12:59:59,416.302,416.4579428,22.5849,37.5264
2016-09-27 13:15:00,416.368,416.316475633333,22.5,37.8704
2016-09-27 13:30:00,416.495,416.469486833333,22.4017,37.3593
2016-09-27 13:44:59,416.569,416.451403999999,22.3547,36.4811
2016-09-27 14:00:00,416.785,416.518653233333,22.3,36.3038
2016-09-27 14:15:00,416.223,416.243481633333,22.3,36.3518
2016-09-27 17:00:00,417.383,418.602207733334,21.8132,37.2491
2016-09-27 17:15:00,423.696,421.402177466666,21.6583,38.05
2016-09-27 17:29:59,424.634,424.300030999999,21.3415,38.5264
2016-09-27 17:45:00,427.032,427.169201233333,21.0019,39.1075
2016-09-27 18:00:00,429.914,427.717179966666,20.52,39.3055
2016-09-27 18:14:59,431.997,429.067850466667,20.0897,41.0586
2016-09-27 18:30:00,435.328,433.089178900001,17.4811,42.4264
2016-09-27 18:45:00,444.666,441.669096599999,18.9208,43.4585
2016-09-27 18:59:59,449.597,442.044564466666,18.4232,45.6268
2016-09-27 19:15:00,449.855,444.054353500001,17.9053,46.9825
2016-09-27 19:30:00,451.99,445.900868566666,17.5943,48.1604
2016-09-27 19:44:59,457.807,452.312635066666,17.2808,49.5308
2016-09-27 20:00:00,450.34,452.186083233333,16.9948,49.7345
2016-09-27 20:15:00,447.962,450.477535233333,16.78,50.4982
2016-09-27 20:29:59,454.603,453.685432133333,16.4396,51.6075
2016-09-27 20:45:00,464.357,462.824026799999,16.1604,52.7623
2016-09-27 21:00:00,466.947,462.936706066666,15.9237,54.0661
2016-09-27 21:14:59,461.028,460.076157766666,15.6111,54.9296
2016-09-27 21:30:00,459.275,461.017249733333,15.4226,56.034
2016-09-27 21:45:00,464.639,461.192412166666,15.317,57.1038
2016-09-27 21:59:59,460.594,460.520000600001,15.2678,57.5644
2016-09-27 22:15:00,466.672,463.145910033333,15.0679,58.7151
2016-09-27 22:30:00,464.528,461.3299551,14.9226,59.2717
2016-09-27 22:44:59,457.465,455.760123266666,14.7673,59.6036
2016-09-27 23:00:00,456.505,455.0985635,14.5914,60.5741
2016-09-27 23:15:00,451.172,452.917555033333,14.383,60.4585
2016-09-27 23:29:59,457.924,459.939199566667,14.1151,63.0415
2016-09-27 23:45:00,464.441,462.096724666666,13.8446,64.4929
2016-09-28 00:00:00,462.613,462.667281533334,13.7333,65.8035
2016-09-28 00:14:59,463.247,463.720350966667,13.5264,66.8302
2016-09-28 00:30:00,467.06,465.042729633334,13.2604,67.8415
2016-09-28 00:45:00,463.157,463.102158666667,13.081,68.681
2016-09-28 00:59:59,464.509,464.499819766667,12.8836,69.6473
2016-09-28 01:15:00,467.521,464.653842266667,12.6302,70.6491
2016-09-28 01:30:00,465.32,465.541164033334,12.4075,71.3736
2016-09-28 01:44:59,465.185,464.030022233333,12.2322,71.8305
2016-09-28 02:00:00,462.639,464.179063833333,12.1377,72.0792
2016-09-28 02:15:00,458.36,456.524847366666,12.0358,71.9057
2016-09-28 02:29:59,456.904,455.808225866667,11.9593,71.8815
2016-09-28 02:45:00,461.833,463.035549266667,11.8288,72.4542
2016-09-28 03:00:00,463.436,464.166542,11.7377,72.9189
2016-09-28 03:14:59,465.978,468.3929162,9.47736,73.1943
2016-09-28 03:30:00,468.72,468.347324666666,11.5,73.5782
2016-09-28 03:45:00,469.97,469.879280833333,11.3741,73.8534
2016-09-28 03:59:59,473.569,474.2013232,11.234,74.3528
2016-09-28 04:15:00,483.787,483.628110500001,11.0755,74.8962
2016-09-28 04:30:00,487.329,487.015574566667,11,75.5386
2016-09-28 04:44:59,486.984,485.466495866667,10.8857,75.8857
2016-09-28 05:00:00,486.727,487.769168833334,10.7736,76.3
2016-09-28 05:15:00,487.65,489.571562033333,10.6491,76.7264
2016-09-28 05:29:59,490.977,493.677696100001,10.6,77
2016-09-28 05:45:00,496.78,499.6439991,10.5745,77.2855
2016-09-28 06:00:00,507.068,506.068697333333,10.4472,77.7472
2016-09-28 06:14:59,515.844,512.886208033334,10.3208,78.2698
2016-09-28 06:30:00,522.785,516.370551666668,10.3,78.6683
2016-09-28 06:45:00,525.115,517.7912479,10.3075,79.0925
2016-09-28 06:59:59,523.121,516.247087766667,10.4755,79.0509
2016-09-28 07:15:00,517.383,508.867519633333,10.7,78.8889
2016-09-28 07:30:00,510.729,503.281917033333,11.4153,78.1644
2016-09-28 07:44:59,508.761,502.644449,10.5302,76.5774
2016-09-28 08:00:00,507.756,495.108407733333,13.1151,74.7245
2016-09-28 08:15:00,495.602,481.936499133335,13.95,72.3339
2016-09-28 08:29:59,455.562,449.032059900001,15.6754,66.2789
2016-09-28 08:45:00,447.112,442.406972966666,17.3679,61.0264
2016-09-28 09:00:00,448.688,445.568224566666,18.4615,57.3519
2016-09-28 09:14:59,453.115,446.709075133333,19.0638,55.3879
2016-09-28 09:30:00,446.809,443.705066133334,19.3782,54.1527
2016-09-28 09:45:00,445.835,442.2763194,19.7811,53.9283
2016-09-28 09:59:59,440.165,432.154955733333,20.1585,53.7604
2016-09-28 10:15:00,433.847,428.734880333334,20.3542,54.3119
2016-09-28 10:30:00,429.565,426.378154166667,20.9648,54.8796
2016-09-28 10:44:59,424.155,422.677869733333,21.4283,55.9755
2016-09-28 11:00:00,419.858,420.941285466667,21.6963,57.2926
2016-09-28 11:15:00,420.027,421.496274733334,21.739,58.1593
2016-09-28 11:29:59,421.634,421.773367733333,21.8113,58.5264
2016-09-28 11:45:00,422.251,423.6484051,22.0547,58.483
2016-09-28 12:00:00,422.823,422.477060533334,22.2364,57.7309
2016-09-28 12:14:59,421.906,421.094468833333,22.6544,56.3175
2016-09-28 12:30:00,419.897,419.4381003,23.0057,55.234
2016-09-28 12:45:00,418.332,418.9279201,23.3151,54.0057
2016-09-28 12:59:59,417.637,418.081071866666,23.3263,53.1544
2016-09-28 13:15:00,416.885,418.219892933333,23.5,51.8464
2016-09-28 13:30:00,417.062,416.589373833334,23.5,50.9604
2016-09-28 13:44:59,415.982,416.1284692,23.6385,50.3481
2016-09-28 14:00:00,415.813,415.9530415,23.9017,49.9017
2016-09-28 14:15:00,416.704,416.440848366666,24.0241,48.9963
2016-09-28 14:29:59,416.403,416.504471233334,24.1906,48.9981
2016-09-28 14:45:00,417.089,416.700064866668,24.3,49.1792
2016-09-28 15:00:00,416.756,416.8187562,24.25,49.19
2016-09-28 15:14:59,416.475,416.254549866668,24.1472,49.1509
2016-09-28 15:30:00,417.538,417.909550933334,24.3321,49.3208
2016-09-28 15:45:00,418.763,422.858725433334,24.3145,49.2436
2016-09-28 15:59:59,419.564,419.250845100001,24.1655,49.8155
2016-09-28 16:15:00,420.283,420.4546785,23.8868,50.8358
2016-09-28 16:30:00,420.185,420.300017666666,23.6057,51.6453
2016-09-28 16:44:59,420.341,420.792376,23.2821,52.5625
2016-09-28 17:00:00,420.994,421.247020466667,23.0895,53.3316
2016-09-28 17:15:00,422.77,422.469968066666,22.6537,54.1278
2016-09-28 17:29:59,423.562,423.527318200001,22.2491,55.3849
2016-09-28 17:45:00,424.279,424.409456200001,21.8293,56.8707
2016-09-28 18:00:00,426.569,427.108231866666,21.3673,58.5891
2016-09-28 18:14:59,426.1,426.322838500001,20.8906,59.9283
2016-09-28 18:30:00,424.54,425.804076333334,20.3415,61.0849
2016-09-28 18:45:00,425.166,425.723639233333,20.1356,62.2644
2016-09-28 18:59:59,425.762,426.960074666666,19.8057,63.2113
2016-09-28 19:15:00,426.749,426.908931366667,19.5415,63.9566
2016-09-28 19:30:00,427.56,427.318892133333,19.3185,64.5019
2016-09-28 19:44:59,426.642,426.8908231,19.1695,64.9847
2016-09-28 20:00:00,426.955,427.038153833333,19.0226,65.4283
2016-09-28 20:15:00,426.346,426.829650866667,18.9491,65.917
2016-09-28 20:29:59,426.271,426.7505175,18.8018,66.4309
2016-09-28 20:45:00,427.329,427.134914066667,18.6772,66.9947
2016-09-28 21:00:00,426.358,426.048668866667,18.6,67.5528
2016-09-28 21:14:59,425.13,425.725839333334,18.6245,68.0434
2016-09-28 21:30:00,424.693,425.169217533333,18.6474,68.5246
2016-09-28 21:45:00,425.248,425.729091833333,18.6,69.1625
2016-09-28 21:59:59,425.758,425.547923666667,18.6,69.7755
2016-09-28 22:15:00,425.28,425.228791833333,18.5943,70.4811
2016-09-28 22:30:00,425.69,425.7547086,18.5,71.1724
2016-09-28 22:44:59,426.098,426.287850733333,16.6481,72.0259
2016-09-28 23:00:00,425.37,425.7836115,16.5698,72.6868
2016-09-28 23:15:00,425.489,425.645148566667,18.6,73.034
2016-09-28 23:29:59,425.247,425.1486024,18.715,73.2017
2016-09-28 23:45:00,426.677,426.193311733334,18.8075,73.3019
2016-09-29 00:00:00,426.683,426.729716633334,18.9434,73.4
2016-09-29 00:14:59,426.371,426.725520600001,19.0236,73.48
2016-09-29 00:30:00,427.227,426.891026566668,19.1586,73.4483
2016-09-29 00:45:00,428.035,427.381706233334,19.2,73.9509
2016-09-29 00:59:59,429.242,428.483318,19.2,74.7811
2016-09-29 01:15:00,430.835,432.6192154,18.9607,76.6161
2016-09-29 01:30:00,430.102,428.646311400001,18.4018,79
2016-09-29 01:44:59,431.065,428.681886233334,18.0245,80.7566
2016-09-29 02:00:00,432.324,432.150331099999,17.883,82.1623
2016-09-29 02:15:00,432.411,434.253354666666,17.7789,83.0789
2016-09-29 02:29:59,432.4,432.014501633333,17.7,83.6491
2016-09-29 02:45:00,431.26,431.1430922,17.7,84.1849
2016-09-29 03:00:00,427.036,427.540576133333,17.666,84.4981
2016-09-29 03:14:59,426.163,426.245440933334,17.6,84.6915
2016-09-29 03:30:00,424.268,424.708198533333,17.5148,84.7315
2016-09-29 03:45:00,423.646,423.441626933333,17.5,84.9094
2016-09-29 03:59:59,425.131,424.325281766666,17.5,85.1509
2016-09-29 04:15:00,424.65,424.487338699999,17.415,85.1867
2016-09-29 04:30:00,427.24,428.248502566666,17.4,85.2868
2016-09-29 04:44:59,437.831,433.359952066668,17.2906,85.4849
2016-09-29 05:00:00,440.169,434.948857166666,17.0909,85.2745
2016-09-29 05:15:00,438.786,434.797102333333,17,85.5155
2016-09-29 05:29:59,429.533,429.018877566666,17,85.6453
2016-09-29 05:45:00,428.194,426.681479233333,17,85.1717
2016-09-29 06:00:00,430.413,429.9446529,16.9589,84.9571
2016-09-29 06:14:59,430.096,430.116945333334,16.8125,84.7411
2016-09-29 06:30:00,428.425,427.551857366666,14.4151,84.366
2016-09-29 06:45:00,429.822,428.894040633333,16.4491,84.1736
2016-09-29 06:59:59,430.616,438.399943533334,16.3155,84.15
2016-09-29 07:15:00,430.695,428.825203000001,16.2109,83.8709
2016-09-29 07:30:00,428.909,428.703771633334,16.2,83.5189
2016-09-29 07:44:59,427.011,426.619545266666,16.2925,82.8755
2016-09-29 08:00:00,426.649,426.518135666667,16.4881,82.3017
2016-09-29 08:15:00,425.995,426.108088899999,16.9463,81.2037
2016-09-29 08:29:59,425.06,425.051487233333,17.4132,79.0811
2016-09-29 08:45:00,425.06,425.6985862,17.3377,78.4887
2016-09-29 09:00:00,425.394,424.701403133334,17.3034,78.2
2016-09-29 09:14:59,424.956,427.997079566668,17.3132,77.9925
2016-09-29 09:30:00,426.143,426.546406333333,16.9943,79.5283
2016-09-29 09:45:00,426.509,426.5259446,16.5291,81.1236
2016-09-29 09:59:59,426.556,426.5337635,16.1386,82.5439
2016-09-29 10:15:00,424.62,424.648474733333,16.3113,82.9981
2016-09-29 10:30:00,422.382,424.249214166667,16.7642,82.4208
2016-09-29 10:44:59,421.202,431.674424233333,17.1877,81.507
2016-09-29 11:00:00,420.77,423.706738,17.4911,80.8179
2016-09-29 11:15:00,420.612,422.830879733333,17.6885,80.8635
2016-09-29 11:29:59,419.686,420.901354966666,18.034,81.2528
2016-09-29 11:45:00,418.54,420.329979766667,18.8186,79.1051
2016-09-29 12:00:00,418.214,421.266173833333,19.3704,77.0352
2016-09-29 12:14:59,417.524,418.962161466667,20.0245,75.3434
2016-09-29 12:30:00,416.136,418.371865233333,20.5981,73.3453
2016-09-29 12:45:00,416.276,417.472609133334,20.8667,71.5767
2016-09-29 12:59:59,415.793,416.531560866667,20.7906,71.2226
2016-09-29 13:15:00,416.146,416.6372656,20.7038,71.0596
2016-09-29 13:30:00,417.193,420.017155966667,20.7,71.0927
2016-09-29 13:44:59,416.31,416.7045433,20.7,70.7362
2016-09-29 14:00:00,417.308,417.449075133332,20.7245,70.3906
2016-09-29 14:15:00,415.019,415.987525066667,20.9094,69.834
2016-09-29 14:29:59,415.763,416.312072200001,21,69.275
2016-09-29 18:14:59,420.291,421.459769333333,18.2109,77.4345
2016-09-29 18:30:00,421.134,421.4827154,17.9736,77.817
2016-09-29 18:45:00,421.668,421.7564977,17.7849,78.2811
2016-09-29 18:59:59,421.234,421.633518966666,17.6288,79.0661
2016-09-29 19:15:00,419.446,422.975949299999,17.3278,80.4389
2016-09-29 19:30:00,419.355,422.059282766667,16.8623,82.2547
2016-09-29 19:44:59,419.277,420.7492145,16.4778,83.3889
2016-09-29 20:00:00,419.76,421.019361100001,16.1932,84.483
2016-09-29 20:15:00,420.137,420.819584466666,16.0245,85.2679
2016-09-29 20:29:59,422.202,421.828883466666,15.8981,85.7396
2016-09-29 20:45:00,421.553,423.949597400001,13.8636,86.0836
2016-09-29 21:00:00,422.251,423.641659033333,15.6379,86.45
2016-09-29 21:14:59,421.692,422.657573866667,15.5321,86.6491
2016-09-29 21:30:00,421.409,421.805271966667,15.4434,86.8189
2016-09-29 21:45:00,422.33,423.679443233332,15.4,87.0719
2016-09-29 21:59:59,422.397,423.062620266666,15.4,87.2661
2016-09-29 22:15:00,422.082,425.353347066666,15.3642,87.334
2016-09-29 22:30:00,422.058,423.369678833333,15.3,87.3642
2016-09-29 22:44:59,424.649,425.100508466667,15.3293,87.6793
2016-09-29 23:00:00,424.681,425.007925033334,15.4,87.8527
2016-09-29 23:15:00,426.12,428.786255033333,15.4,87.7868
2016-09-29 23:29:59,426.651,428.548280433333,15.4,87.734
2016-09-29 23:45:00,424.578,426.114285266667,15.4,87.8717
2016-09-30 00:00:00,425.849,426.200143166665,15.3765,87.9922
2016-09-30 00:14:59,428.012,427.048564166666,15.3,88.3604
2016-09-30 00:30:00,427.281,427.359161933332,15.2393,88.5964
2016-09-30 00:45:00,425.449,425.439267433333,15.1368,88.6544
2016-09-30 00:59:59,425.558,425.562336033333,15.0792,88.7038
2016-09-30 01:15:00,425.645,425.582309166666,15,88.7308
2016-09-30 01:30:00,425.865,425.811241333333,14.9534,88.7621
2016-09-30 01:44:59,425.671,425.708067,14.9,88.7491
2016-09-30 02:00:00,426.331,426.1272008,14.9,88.8547
2016-09-30 02:15:00,426.228,425.7838392,14.834,88.8094
2016-09-30 02:29:59,426.274,425.829334533333,14.8,88.883
2016-09-30 02:45:00,426.592,426.178368133334,14.7377,88.9245
2016-09-30 03:00:00,425.639,425.445730433333,14.7,88.8245
2016-09-30 03:14:59,425.274,425.4999923,14.6926,88.6852
2016-09-30 03:30:00,425.45,425.438798433334,14.6051,88.6051
2016-09-30 03:45:00,424.675,425.938463733333,14.6,88.5
2016-09-30 03:59:59,424.82,425.171235200001,14.6,88.4849
2016-09-30 04:15:00,425.464,424.874487033334,14.6,88.4309
2016-09-30 04:30:00,426.212,425.197165733333,14.6,88.3603
2016-09-30 04:44:59,425.739,425.094696433334,14.6,88.2365
2016-09-30 05:00:00,426.094,427.177757633334,14.6,88.1358
2016-09-30 05:15:00,427.129,427.044466933332,14.6,88.1
2016-09-30 05:29:59,429.18,428.150479266666,14.6,88.0321
2016-09-30 05:45:00,428.688,427.175241733332,14.6,88.0226
2016-09-30 06:00:00,429.041,428.580733766666,14.6,88.0113
2016-09-30 06:14:59,430.785,438.882342900001,14.6,88.0172
2016-09-30 06:30:00,432.955,433.367527966666,14.6,87.9927
2016-09-30 06:45:00,432.738,432.054825866667,14.6,87.8519
2016-09-30 06:59:59,432.048,430.735632266667,14.6623,87.6226
2016-09-30 07:15:00,429.996,430.0509618,14.78,87.1833
2016-09-30 07:30:00,431.119,430.250668466667,14.9264,86.9151
2016-09-30 07:44:59,429.952,428.966961133332,15.0547,86.4849
2016-09-30 08:00:00,428.637,428.939422499999,15.2093,85.9556
2016-09-30 08:15:00,428.177,428.744313933333,15.3881,85.3627
2016-09-30 08:29:59,427.658,428.244193599999,15.517,84.6698
2016-09-30 08:45:00,424.386,426.695183399999,15.8113,84.017
2016-09-30 09:00:00,422.765,425.645160466668,13.9455,83.3091
2016-09-30 09:14:59,420.375,422.229557266667,16.4544,82.0789
2016-09-30 09:30:00,418.217,420.688036433334,17.1887,80.2019
2016-09-30 09:45:00,418.179,420.677613233333,17.5849,78.4509
2016-09-30 09:59:59,416.923,418.8756581,17.8737,77.1579
2016-09-30 10:15:00,416.419,418.914447633333,18.0625,76.1286
2016-09-30 10:30:00,416.449,418.496404066666,17.9094,75.7981
2016-09-30 10:44:59,415.249,417.068345433334,18.034,75.3113
2016-09-30 11:00:00,414.24,417.839009266667,18.8052,73.8379
2016-09-30 11:15:00,414.539,414.544239099999,19.2648,70.9315
2016-09-30 11:29:59,413.748,415.481627933334,19.234,71.9038
2016-09-30 11:45:00,413.21,413.687562,19.3,71.2642
2016-09-30 12:00:00,413.724,414.259860666666,19.3,71.0833
2016-09-30 12:14:59,412.873,413.696951833333,19.4245,70.4434
2016-09-30 12:30:00,412.884,414.981121033333,19.3415,70.2094
2016-09-30 12:45:00,413.514,414.316076766666,19.3,70.4685
2016-09-30 12:59:59,414.191,414.3316487,19.2052,70.6948
2016-09-30 13:15:00,414.769,414.562411933333,19.2,70.5528
2016-09-30 17:00:00,420.266,420.9173479,16.0038,84.4075
2016-09-30 17:15:00,418.69,419.988485366667,15.8925,84.5075
2016-09-30 17:29:59,419.458,420.800261200001,15.5873,84.6018
2016-09-30 17:45:00,419.103,420.350449166667,15.3983,84.9293
2016-09-30 18:00:00,419.78,420.339769233333,15.2736,85.3113
2016-09-30 18:14:59,419.889,421.034923766666,15.1509,85.634
2016-09-30 18:30:00,419.787,424.641585133334,15.0571,86.0732
2016-09-30 18:45:00,420.559,420.7665614,15,86.3036
2016-09-30 18:59:59,419.828,420.5708732,15,86.4208
2016-09-30 19:15:00,420.911,421.838163699999,15,86.4604
2016-09-30 19:30:00,420.81,420.9620814,14.9845,86.4966
2016-09-30 19:44:59,420.932,421.3879381,14.9,86.3836
2016-09-30 20:00:00,420.85,420.955088233334,14.9,86.2623
2016-09-30 20:15:00,421.13,422.701845333334,14.8981,86.3396
2016-09-30 20:29:59,421.277,421.714819166667,14.8033,86.4
2016-09-30 20:45:00,421.64,421.898150633334,14.8,86.4434
2016-09-30 21:00:00,421.95,421.620624666667,14.8,86.4038
2016-09-30 21:14:59,420.132,421.097578700001,14.8,86.3389
2016-09-30 21:30:00,420.89,421.648906066668,14.8,86.4621
2016-09-30 21:45:00,419.844,421.017067033334,14.8,86.5283
2016-09-30 21:59:59,419.657,421.120379200001,14.8,86.6792
2016-09-30 22:15:00,420.64,421.575339133334,14.75,87.1304
2016-09-30 22:30:00,421.281,422.670135366666,14.6228,87.7175
2016-09-30 22:44:59,420.235,421.943403099999,14.6,86.334
2016-09-30 23:00:00,420.369,423.189897600001,14.6,88.2596
2016-09-30 23:15:00,421.708,423.099112633334,14.6,88.5
2016-09-30 23:29:59,422.054,423.461970366667,14.6,88.6236
2016-09-30 23:45:00,422.995,425.309377066666,14.6,88.6283
2016-10-01 00:00:00,425.237,425.148484999999,14.5377,88.7509
2016-10-01 00:14:59,424.389,425.533959333333,14.3966,88.9627
2016-10-01 00:30:00,425.708,426.906588366667,14.2704,89.1259
2016-10-01 00:45:00,426.168,426.419421133334,14.2,89.1358
2016-10-01 00:59:59,425.845,426.425728133334,14.1208,89.2226
2016-10-01 01:15:00,427.105,427.4781246,14.025,89.3567
2016-10-01 01:30:00,428.514,428.560385133332,14,89.5
2016-10-01 01:44:59,427.423,428.6289818,13.9906,89.5981
2016-10-01 02:00:00,429.776,429.718167133334,13.9964,89.6218
2016-10-01 02:15:00,429.769,429.783264433333,14.0259,89.7017
2016-10-01 02:29:59,428.013,429.008596400001,14.1208,89.634
2016-10-01 02:45:00,428.727,429.225554366667,14.2,89.7302
2016-10-01 03:00:00,429.972,430.4733059,14.2,89.925
2016-10-01 03:14:59,430.245,431.6567172,14.2,90.0684
2016-10-01 03:30:00,431.556,437.536366866668,12.1245,90.1943
2016-10-01 03:45:00,431.77,432.9273681,14.2,90.3962
2016-10-01 03:59:59,430.348,432.786209033333,14.2895,90.4
2016-10-01 04:15:00,429.697,431.372067133333,14.3,90.3964
2016-10-01 04:30:00,429.625,432.357935366666,14.3,90.3755
2016-10-01 04:44:59,429.642,430.712612733333,14.3,90.2906
2016-10-01 05:00:00,429.501,430.232736166666,14.2034,90.1847
2016-10-01 05:15:00,430.434,430.400520933334,14.2,90.2
2016-10-01 05:29:59,430.345,430.258539033333,14.2,90.117
2016-10-01 05:45:00,430.188,430.2105938,14.2,90.0906
2016-10-01 06:00:00,432.977,431.636311033334,14.1983,90.1517
2016-10-01 06:14:59,433.025,432.323694566666,14.2151,90.2
2016-10-01 06:30:00,435.49,435.147851333333,14.2585,90.2113
2016-10-01 06:45:00,435.529,436.478232700001,14.2,90.1964
2016-10-01 06:59:59,437.84,437.287268833333,14.2897,90.2
2016-10-01 07:15:00,437.691,436.882454866666,14.3415,90.2
2016-10-01 07:30:00,435.973,437.298799466666,14.5434,90.2019
2016-10-01 07:44:59,437.243,439.267806199999,14.8518,90.1929
2016-10-01 08:00:00,434.868,438.384717866666,15.4772,89.7982
2016-10-01 08:15:00,432.066,434.001816133333,16.3528,88.6962
2016-10-01 08:29:59,427.671,430.269904133334,17.3057,86.5868
2016-10-01 08:45:00,423.872,428.178233266667,17.9776,84.0586
2016-10-01 09:00:00,422.811,424.810005366666,18.4982,81.7745
2016-10-01 09:14:59,423.102,425.323326966667,18.6151,80.5113
2016-10-01 09:30:00,424.933,431.210367,18.9811,79.6604
2016-10-01 09:45:00,424.941,431.8679991,19.5186,77.8729
2016-10-01 09:59:59,426.663,433.4806189,20.0537,76.6685
2016-10-01 10:15:00,428.952,430.5942895,20.283,75.1642
2016-10-01 10:30:00,426.728,431.50067,20.8151,74.1642
2016-10-01 10:44:59,425.626,428.167525766666,21.1203,73.4492
2016-10-01 11:00:00,420.631,424.542007399999,21.5679,72.5604
2016-10-01 11:15:00,418.21,419.714389466667,21.7,71.534
2016-10-01 11:29:59,415.533,419.3362323,21.7455,71.4636
2016-10-01 11:45:00,416.358,418.270088533334,22.069,70.5828
2016-10-01 12:00:00,415.679,417.673395466667,22.5604,68.1604
2016-10-01 12:14:59,413.88,414.770931233333,22.9755,68.1415
2016-10-01 12:30:00,416.485,420.338725966666,22.9947,67.6965
2016-10-01 12:45:00,417.785,419.9486821,22.8554,67.9375
2016-10-01 12:59:59,412.717,415.920581900001,22.7792,68.0679
2016-10-01 13:15:00,413.166,415.820073966666,23.034,67.3566
2016-10-01 13:30:00,415.468,417.868162433333,23.181,67.0121
2016-10-01 13:44:59,415.601,417.8652117,22.9945,66.7164
2016-10-01 14:00:00,419.512,420.663243266666,22.5604,67.9585
2016-10-01 14:15:00,418.671,421.576689433334,22.3226,69.2358
2016-10-01 14:29:59,414.931,418.756221266667,20.5271,68.7492
2016-10-01 14:45:00,413.264,416.433207966666,22.5094,68.2113
2016-10-01 15:00:00,419.355,420.889202166667,22.217,68.2302
2016-10-01 15:14:59,424.873,424.980481233333,21.1222,71.0389
2016-10-01 15:30:00,421.957,422.726674733333,20.2695,74.2119
2016-10-01 15:45:00,422.635,422.237988433333,20.1226,76.3283
2016-10-01 15:59:59,419.922,421.292114,20.1,76.2755
2016-10-01 16:15:00,419.186,421.229275066666,20.0036,76.5255
2016-10-01 16:30:00,421.838,422.965656766666,20,77.6431
2016-10-01 16:44:59,420.952,423.5651349,20,78.1698
2016-10-01 17:00:00,423.125,424.317344833333,20,78.6885
2016-10-01 17:15:00,422.034,423.722799266667,19.886,78.7088
2016-10-01 17:29:59,420.496,423.061993233334,17.7964,77.6929
2016-10-01 17:45:00,423.005,424.144127666667,19.2736,78.6075
2016-10-01 18:00:00,427.974,430.599882333333,18.8528,79.7245
2016-10-01 18:14:59,430.731,430.846119833334,18.419,80.0345
2016-10-01 18:30:00,433.366,434.0353096,17.8836,81.1564
2016-10-01 18:45:00,441.785,444.017082766667,17.5509,82.4981
2016-10-01 18:59:59,448.115,447.791384233333,15.3528,83.7566
2016-10-01 19:15:00,456.414,454.640465066666,16.9867,84.7533
2016-10-01 19:30:00,456.054,452.856023466667,16.7377,85.6094
2016-10-01 19:44:59,465.171,462.297691133334,16.5208,86.3566
2016-10-01 20:00:00,466.173,465.854112800001,16.3611,86.8611
2016-10-01 20:15:00,469.753,472.1802669,16.181,87.3293
2016-10-01 20:29:59,473.595,480.182675933334,16.1,87.8642
2016-10-01 20:45:00,484.088,482.500289966667,16.017,88.1774
2016-10-01 21:00:00,484.768,482.255795133334,15.9643,88.475
2016-10-01 21:14:59,483.196,486.518364433333,15.8368,88.693
2016-10-01 21:30:00,491.799,489.142118033333,15.8,89.0068
2016-10-01 21:45:00,490.965,492.957507166666,15.93,89.345
2016-10-01 21:59:59,492.53,493.135605833333,16.0283,89.4264
2016-10-01 22:15:00,495.774,495.166439200001,16.1,89.5865
2016-10-01 22:30:00,501.58,499.852336433333,16.1964,88.0473
2016-10-01 22:44:59,507.358,503.035987966667,16.2,89.5879
2016-10-01 23:00:00,506.723,495.7278958,16.2,89.5
2016-10-02 23:00:00,438.344,440.569154366667,15.4075,89.1375
2016-10-02 23:15:00,442.568,441.3729972,15.3259,89.2707
2016-10-02 23:29:59,447.573,445.284022433334,15.1264,89.3566
2016-10-02 23:45:00,446.455,445.234763333333,14.9472,89.5736
2016-10-03 00:00:00,447.477,449.137116200001,14.7643,89.8125
2016-10-03 00:14:59,453.263,449.9290064,14.6035,89.8596
2016-10-03 00:30:00,455.151,450.4098252,14.4811,90.0094
2016-10-03 00:45:00,455.906,452.357875966666,14.3226,90.1849
2016-10-03 00:59:59,454.442,452.7800715,14.2,90.3614
2016-10-03 01:15:00,458.925,456.456915533333,14.1491,90.5327
2016-10-03 01:30:00,459.579,459.035094966667,14.0472,90.6151
2016-10-03 01:44:59,462.026,461.011602166666,13.9415,90.7358
2016-10-03 02:00:00,462.204,461.754047966666,13.8,90.7271
2016-10-03 02:15:00,464.478,463.187343166667,13.7593,90.7333
2016-10-03 02:29:59,468.323,466.137231833334,13.6623,90.9075
2016-10-03 02:45:00,469.029,462.926151833334,13.5434,90.9623
2016-10-03 03:00:00,465.177,461.149261833333,13.4407,90.939
2016-10-03 03:14:59,470.24,466.636201833333,13.4,91.0396
2016-10-03 03:30:00,471.33,471.4649826,13.4642,91.1623
2016-10-03 03:45:00,471.871,469.712288333334,13.5527,91.4527
2016-10-03 03:59:59,468.344,466.648343533334,13.7193,91.6
2016-10-03 04:15:00,465.815,464.222230066667,13.8,90.0528
2016-10-03 04:30:00,464.104,462.315952833333,13.9038,91.6755
2016-10-03 04:44:59,467.561,464.232385433332,14,91.6947
2016-10-03 05:00:00,463.612,461.7803772,14,91.6
2016-10-03 05:15:00,460.273,459.918937133333,13.987,91.5111
2016-10-03 05:29:59,458.034,460.277901933333,13.9,91.5
2016-10-03 05:45:00,457.838,458.755297133333,13.9,91.4949
2016-10-03 06:00:00,454.877,457.662330633333,13.813,91.237
2016-10-03 06:14:59,456.765,460.839658733334,13.8,91.2
2016-10-03 06:30:00,456.144,457.75375,13.7464,91.2
2016-10-03 06:45:00,458.435,459.510754233333,13.6684,91.2175
2016-10-03 06:59:59,461.931,462.404622533334,13.6189,91.2774
2016-10-03 07:15:00,464.197,465.740022833333,13.7208,91.3
2016-10-03 07:30:00,466.331,462.566447633334,13.8561,91.2509
2016-10-03 07:44:59,463.478,462.164280666667,14.1345,91.2073
2016-10-03 08:00:00,463.111,462.482405966667,14.4151,90.9906
2016-10-03 08:15:00,458.919,459.092928233333,14.717,90.2094
2016-10-03 08:29:59,457.777,456.4079084,15.2881,89.0746
2016-10-03 08:45:00,457.601,456.103592266666,15.5611,88.0889
2016-10-03 09:00:00,459.978,455.799993766667,15.817,87.5623
2016-10-03 09:14:59,458.088,472.042350733332,16.0264,87.2396
2016-10-03 09:30:00,454.564,455.023851833334,16.3068,86.6627
2016-10-03 09:45:00,449.884,450.961634366666,16.6377,85.7887
2016-10-03 09:59:59,449.78,449.238639333333,16.9717,84.3585
2016-10-03 10:15:00,443.266,442.722902100001,17.3691,83.7218
2016-10-03 10:30:00,441.595,439.8007153,17.7719,82.1877
2016-10-03 10:44:59,435.559,433.458427766667,18.5472,80.3415
2016-10-03 11:00:00,434.074,430.931498733332,19.166,77.2943
2016-10-03 11:15:00,432.275,430.295372833333,19.5947,75.5965
2016-10-03 11:29:59,432.474,431.026943766667,20.22,72.8964
2016-10-03 11:45:00,434.268,430.378556,20.6491,70.5792
2016-10-03 12:00:00,431.646,428.7715719,20.9208,68.6019
2016-10-03 12:14:59,429.96,428.345577333334,21.0864,65.7746
2016-10-03 12:30:00,429.463,427.241892233333,21.2889,65.0111
2016-10-03 12:45:00,430.576,429.4845132,21.4434,64.4472
2016-10-03 12:59:59,429.208,427.841241866667,21.4208,62.3415
2016-10-03 13:15:00,427.225,426.625941633334,21.0678,61.583
2016-10-03 13:30:00,430.727,428.357258366667,20.8057,61.766
2016-10-03 13:44:59,433.033,430.895620666665,20.7,62.975
2016-10-03 14:00:00,430.074,429.026218599999,20.7286,63.3464
2016-10-03 14:15:00,430.171,429.306473166667,20.9115,62.7712
2016-10-03 14:29:59,428.681,428.290379566667,21,62.4113
2016-10-03 14:45:00,427.675,427.673550233333,21.0305,61.9254
2016-10-03 15:00:00,427.494,427.971115266666,21.1,62.3635
2016-10-03 15:14:59,426.072,426.867617466666,21.0906,62.1981
2016-10-03 15:30:00,427.098,427.6489066,21,62.9582
2016-10-03 15:45:00,427.918,428.145273,20.8879,63.7345
2016-10-03 15:59:59,427.83,428.186355333333,20.7434,64.0151
2016-10-03 16:15:00,430.453,429.823755733333,20.7057,65.1774
2016-10-03 16:30:00,430.267,431.019328466667,20.7263,65.014
2016-10-03 16:44:59,428.19,431.2589762,20.5179,64.5411
2016-10-03 17:00:00,429.929,428.977282633334,20.2491,65.3094
2016-10-03 17:15:00,431.231,432.035189466667,20.1887,66.0509
2016-10-03 17:29:59,434.65,433.381620533333,19.969,66.9741
2016-10-03 17:45:00,436.637,434.965084733334,19.6296,68.2296
2016-10-03 18:00:00,443.369,440.125279533334,19.2302,69.7283
2016-10-03 18:14:59,450.222,447.134671966667,18.7358,71.3981
2016-10-03 18:30:00,455.966,449.588704733333,18.1617,72.705
2016-10-03 18:45:00,460.201,455.4882889,17.6302,74.5132
2016-10-03 18:59:59,470.806,466.927123000001,17.2,76.3642
2016-10-03 19:15:00,478.904,477.181578400001,16.8574,77.7241
2016-10-03 19:30:00,477.651,477.383382100001,16.5086,78.9259
2016-10-03 19:44:59,486.12,484.195359166667,16.2075,80.0981
2016-10-03 20:00:00,488.091,483.465211099999,16.0189,80.9962
2016-10-03 20:15:00,489.244,485.743009666667,15.7875,81.8661
2016-10-03 20:29:59,484.377,484.840154100001,15.6088,82.6702
2016-10-03 20:45:00,488.46,486.934170966667,15.4434,83.2566
2016-10-03 21:00:00,492.744,490.760876500001,15.3358,83.9472
2016-10-03 21:14:59,496.902,494.223246666667,15.1483,83.2879
2016-10-03 21:30:00,498.669,494.390447366667,14.9709,85.14
2016-10-03 21:45:00,500.288,496.999997166667,14.8038,85.7981
2016-10-03 21:59:59,490.999,492.432179466667,14.6415,86.3491
2016-10-03 22:15:00,496.865,494.0983772,14.6,86.6712
2016-10-03 22:30:00,497.919,495.361582533333,14.5038,86.9981
2016-10-03 22:44:59,497.666,495.214482833334,14.3698,87.3075
2016-10-03 23:00:00,495.41,493.123809500001,14.2241,87.5074
2016-10-03 23:15:00,498.717,493.543046700001,14.0678,87.883
2016-10-03 23:29:59,497.393,496.0206097,13.9792,88.1
2016-10-03 23:45:00,501.901,499.118632766668,13.8528,88.2245
2016-10-04 00:00:00,506.754,504.7004434,13.8,88.3764
2016-10-04 00:14:59,508.419,505.5526802,13.7614,88.6789
2016-10-04 00:30:00,509.012,504.349986033333,13.7,88.8415
2016-10-04 00:45:00,504.413,501.798617166667,13.6208,89.1415
2016-10-04 00:59:59,499.441,497.032289633333,13.5474,89.3702
2016-10-04 01:15:00,496.077,495.063027366666,13.4982,89.6357
2016-10-04 01:30:00,493.54,487.788943133334,13.4,89.8792
2016-10-04 01:44:59,486.564,487.4585416,13.3635,89.9
2016-10-04 02:00:00,487.346,487.336616966666,13.3,90.0305
2016-10-04 02:15:00,489.538,487.173090433333,13.237,90.1611
2016-10-04 02:29:59,488.524,485.495820766667,13.1887,90.2208
2016-10-04 02:45:00,485.951,484.4513255,11.0642,90.3245
2016-10-04 03:00:00,485.582,483.974087833333,13.2,90.5085
2016-10-04 03:14:59,477.722,476.291881333333,13.1736,90.4868
2016-10-04 03:30:00,476.018,475.336436916667,13.1,90.5
2016-10-04 03:45:00,476.301,475.136495683334,13.1,90.5145
2016-10-04 03:59:59,474.102,473.232549066668,13.1,90.6
2016-10-04 04:15:00,473.397,474.416057283333,13.1,90.7769
2016-10-04 04:30:00,471.627,471.069724266667,13.1,90.9321
2016-10-04 04:44:59,470.664,470.881039733333,13.1,90.9579
2016-10-04 05:00:00,470.628,471.650141033333,13.1,90.9321
2016-10-04 05:15:00,474.174,474.305472333334,13.0736,90.8679
2016-10-04 05:29:59,482.57,482.430446266668,12.8792,90.5717
2016-10-04 05:45:00,488.184,485.753832566667,12.7276,90.7466
2016-10-04 06:00:00,486.207,483.281360966667,12.6019,90.9
2016-10-04 06:14:59,481.502,482.529020133334,12.5113,90.9019
2016-10-04 06:30:00,480.38,480.842439133334,12.4,90.8321
2016-10-04 06:45:00,479.125,477.309302133334,12.4,90.765
2016-10-04 06:59:59,484.135,483.069276100001,12.4226,90.8302
2016-10-04 07:15:00,485.553,481.063161666668,12.6396,91.0679
2016-10-04 07:30:00,478.559,478.656159133334,12.96,90.8345
2016-10-04 07:44:59,475.766,476.233380566667,13.2224,90.3138
2016-10-04 08:00:00,477.238,474.415702633334,13.6906,89.8057
2016-10-04 08:15:00,475.711,473.341401333334,12.2308,88.7596
2016-10-04 08:29:59,472.138,466.513937933334,15.3456,86.6316
2016-10-04 08:45:00,470.166,461.898149566666,16.1661,83.8768
2016-10-04 09:00:00,466.786,458.192983933332,16.8094,81.4057
2016-10-04 09:14:59,461.486,450.1739413,17.1811,79.4906
2016-10-04 09:30:00,456.3,451.865819766666,17.5271,78.2678
2016-10-04 09:45:00,450.602,443.962324366667,17.8926,77.1241
2016-10-04 09:59:59,445.577,438.229667866666,18.2585,76.2528
2016-10-04 10:15:00,442.754,438.898028099999,18.683,75.2981
2016-10-04 10:30:00,438.192,434.6439087,19.195,74.165
2016-10-04 10:44:59,437.071,432.7327617,19.5283,73.3906
2016-10-04 11:00:00,435.033,431.835622299999,19.8774,72.517
2016-10-04 11:15:00,430.898,426.140236933332,20.2691,70.4745
2016-10-04 11:29:59,428.831,425.584859266667,20.9103,68.8534
2016-10-04 11:45:00,428.028,425.594090166666,21.4472,67.1094
2016-10-04 12:00:00,426.636,424.718591933333,21.7642,65.8208
2016-10-04 12:14:59,425.555,424.263845666666,21.9875,64.7571
2016-10-04 12:30:00,423.8,423.3591262,22.0018,63.6018
2016-10-04 12:45:00,423.152,423.428771466667,22.1,62.3623
2016-10-04 12:59:59,422.34,423.1346267,22.0962,61.7415
2016-10-08 17:45:00,411.614,413.225113733334,16.1019,62.2396
2016-10-08 18:00:00,412.586,413.090288266667,15.9038,62.7509
2016-10-08 18:14:59,415.227,414.353025300001,15.6153,63.6593
2016-10-08 18:30:00,414.476,415.281205133333,15.4113,64.3057
2016-10-08 18:45:00,415.278,416.408789033333,15.283,64.9528
2016-10-08 18:59:59,413.699,414.623732866666,15.1055,65.0236
2016-10-08 19:15:00,409.08,411.483493266666,14.9293,64.5207
2016-10-08 19:30:00,410.227,412.2478897,14.675,65.0673
2016-10-08 19:44:59,410.917,412.384566699998,14.5094,65.7566
2016-10-08 20:00:00,413.236,414.6598568,12.4351,65.7421
2016-10-08 20:15:00,413.337,413.6664428,14.0054,66.1375
2016-10-08 20:29:59,413.568,413.623817166666,13.7923,66.8885
2016-10-08 20:45:00,412.519,413.2169285,13.5906,67.1755
2016-10-08 21:00:00,413.799,413.9811497,13.3254,67.8542
2016-10-08 21:14:59,415.326,415.119843533333,13.1,68.3574
2016-10-08 21:30:00,416.252,417.143973700001,12.9943,68.8962
2016-10-08 21:45:00,418.094,418.059122200001,12.8245,69.4943
2016-10-08 21:59:59,418.82,419.758025266668,12.6817,70.1733
2016-10-08 22:15:00,420.174,420.324758933334,10.5396,70.8887
2016-10-08 22:30:00,424.742,428.323217066667,10.3868,71.8038
2016-10-08 22:44:59,427.045,430.265711000001,12.1055,72.7909
2016-10-08 23:00:00,427.819,429.057366966667,11.8672,73.5931
2016-10-08 23:15:00,426.616,428.593764066667,11.6642,74.4132
2016-10-08 23:29:59,433.719,432.9812154,11.483,75.6283
2016-10-08 23:45:00,433.713,433.964170166667,11.2929,76.5839
2016-10-09 00:00:00,433.755,435.9029931,11.0732,77.6482
2016-10-09 00:14:59,436.856,437.482214133333,10.8509,78.2981
2016-10-09 00:30:00,431.495,431.6889222,10.6585,77.9415
2016-10-09 00:45:00,426.586,427.661328833333,10.5621,77.4759
2016-10-09 00:59:59,427.201,426.998900866667,10.3148,77.7204
2016-10-09 01:15:00,427.926,426.990528866667,10.1,77.9226
2016-10-09 01:30:00,425.688,425.534767233333,9.92642,77.8075
2016-10-09 01:44:59,425.023,425.001364233333,9.885,77.945
2016-10-09 02:00:00,424.917,424.919974466666,9.80943,78.0226
2016-10-09 02:15:00,423.937,424.834624466667,9.8,78.0792
2016-10-09 02:29:59,423.01,423.288038966667,9.8,77.7815
2016-10-09 02:45:00,421.503,421.2838795,9.8,77.2224
2016-10-09 03:00:00,419.714,419.7923798,9.79811,76.6321
2016-10-09 03:14:59,420.115,419.955154233333,9.64151,76.466
2016-10-09 03:30:00,419.521,419.7075009,9.41786,76.4714
2016-10-09 03:45:00,419.217,419.603261333334,9.12281,76.7544
2016-10-09 03:59:59,420.739,420.651131133334,8.94151,77.3113
2016-10-09 04:15:00,420.714,420.729811700001,8.9,77.4434
2016-10-09 04:30:00,419.464,419.9813314,8.9,77.1263
2016-10-09 04:44:59,418.987,419.423850033333,8.9,76.48
2016-10-09 05:00:00,416.848,418.0791984,8.9,75.9075
2016-10-09 05:15:00,420.401,420.228723833334,8.85849,76.2887
2016-10-09 05:29:59,423.778,422.279938833333,8.60847,77.061
2016-10-09 05:45:00,420.756,420.8131611,8.44074,77.1167
2016-10-09 06:00:00,421.356,421.430131333334,8.31132,77.4057
2016-10-09 06:14:59,421.671,422.206123433333,8.3,78.0566
2016-10-09 06:30:00,423.218,423.368470066666,8.31864,78.761
2016-10-09 06:45:00,423.336,423.182323866667,8.3,78.9151
2016-10-09 06:59:59,424.223,425.608560733333,6.41321,79.2868
2016-10-09 07:15:00,423.658,423.8819708,8.39818,79.42
2016-10-09 07:30:00,423.467,423.9385023,8.63966,79.25
2016-10-09 07:44:59,422.098,422.432715233333,8.96226,78.583
2016-10-09 08:00:00,422.037,422.3595891,9.70577,77.2442
2016-10-09 08:15:00,420.794,421.738772699999,10.8123,75.4596
2016-10-09 08:29:59,419.012,422.528839199999,11.8679,73.0161
2016-10-09 08:45:00,417.755,418.177755033333,12.6491,70.4868
2016-10-09 09:00:00,416.542,417.834310533333,13.1604,69.1113
2016-10-09 09:14:59,412.72,414.219155266667,13.6949,67.5153
2016-10-09 09:30:00,412.021,413.1120976,14.1167,65.9574
2016-10-09 09:45:00,409.639,416.352462666666,12.6943,64.466
2016-10-09 09:59:59,409.339,410.863590633334,14.6075,63.2528
2016-10-09 10:15:00,410.135,410.283688333334,14.7133,62.085
2016-10-09 10:30:00,409.13,410.093906733334,14.883,61.4283
2016-10-09 10:44:59,408.479,409.1528983,15.3038,59.866
2016-10-09 11:00:00,407.595,408.395405066667,15.5273,59.0127
2016-10-09 11:15:00,407.66,410.1738316,15.5879,58.6552
2016-10-09 11:29:59,407.884,408.217980233333,15.7321,58.2321
2016-10-09 11:45:00,407.258,407.7653346,15.9,57.1547
2016-10-09 12:00:00,406.29,407.089592566667,16.0352,56.9241
2016-10-09 12:14:59,406.611,407.2843652,16.3962,56.0491
2016-10-09 12:30:00,404.984,406.522325899999,16.4538,55.6135
2016-10-09 12:45:00,404.302,404.875950366666,16.393,55.2105
2016-10-09 12:59:59,403.611,404.476991833334,16.1036,55.8179
2016-10-09 13:15:00,404.309,404.468176866667,16.0528,54.9151
2016-10-09 13:30:00,403.672,404.034614233333,16.1,54.5623
2016-10-09 13:44:59,403.173,403.8558208,16.1034,55.0237
2016-10-09 14:00:00,403.02,404.676775399999,16.263,54.9648
2016-10-09 14:15:00,403.327,403.7930345,16.3,54.4377
2016-10-09 14:29:59,404.193,404.932461033333,16.3,53.7453
2016-10-09 14:45:00,404.246,404.355490433334,16.2831,53.6017
2016-10-09 15:00:00,404.279,404.5613853,16.2717,54.0566
2016-10-09 15:14:59,404.02,404.351055633334,16.3,54.0491
2016-10-09 15:30:00,404.01,404.37359,16.2091,54.2327
2016-10-09 15:45:00,405.2,405.332128966667,16.1,53.9069
2016-10-09 15:59:59,405.371,405.374134600001,16.0434,54.1792
2016-10-09 16:15:00,405.411,405.3709631,15.9264,54.0226
2016-10-09 16:30:00,406.354,406.3343262,15.6737,54.4018
2016-10-09 16:44:59,405.626,406.237814233333,15.5018,55.3571
2016-10-09 17:00:00,405.481,406.180649933333,15.4075,55.6132
2016-10-09 17:15:00,405.953,406.112175166667,15.3547,55.5019
2016-10-09 17:29:59,406.849,407.452084499999,13.3552,56.1983
2016-10-09 17:45:00,407.567,407.712335,14.7852,56.9389
2016-10-09 18:00:00,408.83,408.639474466666,14.5226,57.1038
2016-10-09 18:14:59,408.921,409.235627933334,14.1453,57.834
2016-10-09 18:30:00,409.257,409.457296200001,13.8633,58.7633
2016-10-09 18:45:00,408.78,409.573628733334,13.8,59.4151
2016-10-09 18:59:59,408.785,409.726844566667,13.7038,60.2113
2016-10-09 19:15:00,409.957,411.244518999999,13.5463,61.1241
2016-10-09 19:30:00,410.487,411.965410366666,13.3655,62.0897
2016-10-09 19:44:59,410.776,411.132676733334,13.1113,63.0962
2016-10-09 20:00:00,410.576,411.209143933333,12.917,64.0906
2016-10-09 20:15:00,410.411,411.661583199999,12.7298,65.0088
2016-10-09 20:29:59,411.85,412.687170166666,12.5375,65.8393
2016-10-09 20:45:00,411.542,412.412360833332,12.3283,66.4396
2016-10-09 21:00:00,412.224,412.514038433332,12.1811,67.2377
2016-10-09 21:14:59,413.341,414.691825133333,11.9897,67.9931
2016-10-09 21:30:00,413.177,414.656846733333,11.7574,68.9
2016-10-09 21:45:00,412.782,413.756711033333,11.5415,69.6887
2016-10-09 21:59:59,413.033,414.679134333333,11.4585,70.3208
2016-10-09 22:15:00,414.163,414.567982999999,11.2983,70.665
2016-10-09 22:30:00,414.524,415.338187066667,11.1132,71.1434
2016-10-09 22:44:59,414.831,415.729860566667,10.9151,71.5698
2016-10-09 23:00:00,415.749,417.004212966667,10.7444,71.9907
2016-10-09 23:15:00,416.135,416.8542469,10.6102,72.4475
2016-10-09 23:29:59,416.48,417.287918266666,10.4774,73.1189
2016-10-09 23:45:00,416.502,418.478924,10.3151,73.6434
2016-10-10 00:00:00,416.847,418.081480666667,10.1857,74.2196
2016-10-10 00:14:59,416.931,417.693526633333,10.0228,74.907
2016-10-10 00:30:00,418.349,419.072203999999,9.88113,75.5226
2016-10-10 00:45:00,419.631,419.942547733333,9.70189,76.2189
2016-10-10 00:59:59,419.958,421.3168116,9.48947,76.9982
2016-10-10 01:15:00,423.298,424.425475133334,9.27091,77.8182
2016-10-10 01:30:00,424.778,425.188010266667,9.18491,78.1925
2016-10-10 01:44:59,424.097,423.786092966667,9.06981,78.1358
2016-10-10 02:00:00,422.714,422.682310033334,9.05424,77.8983
2016-10-10 02:15:00,421.306,421.537400100001,9.18704,77.5593
2016-10-10 02:29:59,418.324,420.116718566666,9.2,77.1623
2016-10-10 02:45:00,421.26,421.209389933333,9.1434,77.3264
2016-10-10 03:00:00,421.116,421.632025266667,8.97288,77.4763
2016-10-10 03:14:59,421.251,422.420357833333,8.87736,77.7434
2016-10-10 03:30:00,425.913,427.819004233333,8.58868,78.4264
2016-10-10 03:45:00,427.867,427.643679633333,8.28909,79.1109
2016-10-10 03:59:59,431.504,430.502559266666,8.01552,79.9362
2016-10-10 04:15:00,434.187,433.077841800001,7.72264,80.6151
2016-10-10 04:30:00,436.176,434.751585133334,7.50943,81.1887
2016-10-10 04:44:59,442.245,439.783101166667,7.33036,81.9143
2016-10-10 05:00:00,442.667,443.615410833333,7.14821,82.3196
2016-10-10 05:15:00,446.018,444.795955900001,6.98113,82.7868
2016-10-10 05:29:59,448.807,464.344988233334,6.78868,83.1547
2016-10-10 05:45:00,454.589,462.084916733334,6.6322,83.4559
2016-10-10 06:00:00,463.486,460.4993981,6.59259,83.5963
2016-10-10 06:14:59,465.068,469.4408999,6.44906,83.8792
2016-10-10 06:30:00,465.325,469.9034042,6.36604,84.1075
2016-10-10 06:45:00,466.889,470.089944933333,6.3,84.3153
2016-10-10 06:59:59,470.399,467.794910633334,6.3,84.2302
2016-10-10 07:15:00,463.65,463.934356333333,6.4717,84.1208
2016-10-10 07:30:00,452.598,457.6805812,6.76727,83.4418
2016-10-10 07:44:59,440.554,443.240367266667,7.3386,81.5368
2016-10-10 08:00:00,430.599,438.802054233333,8.16981,79.2679
2016-10-10 08:15:00,424.85,435.975313,9.26038,75.4415
2016-10-10 08:29:59,416.538,420.104429633333,10.2596,70.907
2016-10-10 08:45:00,412.66,414.785514266667,11.0804,67.8446
2016-10-10 09:00:00,412.324,413.904283699999,9.55,65.1808
2016-10-10 09:14:59,414.757,415.090611900001,12.0189,63.3792
2016-10-10 09:30:00,415.666,414.894343666666,12.2102,62.0475
2016-10-10 09:45:00,416.938,415.350584866666,12.6259,61.0667
2016-10-10 09:59:59,412.397,411.306199233333,12.8745,60.1638
2016-10-10 10:15:00,408.653,410.429250733333,13.1526,59.3684
2016-10-10 10:30:00,408.475,409.243304233334,11.6019,58.4415
2016-10-10 10:44:59,408.092,408.3623588,13.7208,57.4528
2016-10-10 11:00:00,407.522,407.7039602,13.9483,56.6448
2016-10-10 11:15:00,407.591,407.500814799999,14.24,55.6436
2016-10-10 11:29:59,407.707,407.346399699999,14.4377,55.1528
2016-10-10 11:45:00,406.633,406.362883566667,14.6472,54.5302
2016-10-10 12:00:00,406.341,406.0902629,14.8767,53.68
2016-10-10 12:14:59,406.163,406.185254066667,15,52.8
2016-10-10 12:30:00,406.2,406.014648133334,14.8154,51.8731
2016-10-10 12:45:00,405.518,411.587047433334,14.6,51.3636
2016-10-10 12:59:59,404.679,405.030622566668,14.6,50.7017
2016-10-10 13:15:00,404.947,405.019664166666,14.6,50.7509
2016-10-10 13:30:00,405.211,405.386172600001,14.5396,50.2642
2016-10-10 13:44:59,405.502,405.354026666667,14.5714,49.3429
2016-10-10 14:00:00,405.234,405.221874833333,14.6,49.6125
2016-10-10 14:15:00,404.86,405.599069099999,14.6,49.2962
2016-10-10 14:29:59,404.844,405.118878866667,14.6415,49.166
2016-10-10 14:45:00,404.952,405.578994566666,14.7621,48.6552
2016-10-10 15:00:00,404.865,405.509176733333,14.8635,48.4923
2016-10-10 15:14:59,406.634,408.136845666667,14.9208,48.4623
2016-10-10 15:30:00,407.07,406.777230566667,15.0582,48.6018
2016-10-10 15:45:00,405.409,407.108467533334,15.1684,48.7175
2016-10-10 15:59:59,405.672,412.186319333333,15.2566,48.4528
2016-10-10 16:15:00,406.855,407.719726333334,15.3,48.1925
2016-10-10 16:30:00,406.156,406.8181811,15.2895,48.3614
2016-10-10 16:44:59,405.473,406.1259118,15.1857,47.9804
2016-10-10 17:00:00,407.561,408.436214699999,15.0943,48.2792
2016-10-10 17:15:00,409.485,411.016063366665,15.0038,48.7849
2016-10-10 17:29:59,416.164,416.2100424,14.7034,50.6983
2016-10-10 17:45:00,423.529,428.988708400001,14.1926,53.3074
2016-10-10 18:00:00,436.041,437.766216233333,13.6132,55.2057
2016-10-10 18:14:59,430.89,435.741821200001,13.0849,57.0019
2016-10-10 18:30:00,437.581,436.600274000001,12.5492,59.178
2016-10-10 18:45:00,443.392,439.984695766667,12.0642,60.6698
2016-10-10 18:59:59,442.171,441.417319866667,11.6604,61.8038
2016-10-10 19:15:00,443.66,442.247071166667,11.3291,63.2855
2016-10-10 19:30:00,456.668,453.589778600001,10.9298,64.9702
2016-10-10 19:44:59,466.426,463.108409600001,10.6264,66.7208
2016-10-10 20:00:00,474.546,471.955583633334,8.50943,68.2226
2016-10-10 20:15:00,480.753,476.529861033333,10.1754,69.6298
2016-10-10 20:29:59,493.49,486.8823137,8.14107,70.9411
2016-10-10 20:45:00,495.624,489.487464900001,9.77547,72.2245
2016-10-10 21:00:00,499.922,494.2694354,9.57358,73.2717
2016-10-10 21:14:59,496.016,492.281698800001,9.33448,74.1535
2016-10-10 21:30:00,498.217,493.248510400001,9.07778,75.1167
2016-10-10 21:45:00,500.49,498.041246533333,8.91538,76.0077
2016-10-10 21:59:59,500.118,498.007535966666,8.88704,76.7056
2016-10-10 22:15:00,500.569,498.172091566666,8.69322,77.678
2016-10-10 22:30:00,497.018,495.712613966667,8.48302,78.6623
2016-10-10 22:44:59,498.375,500.1745642,8.32642,79.3755
2016-10-10 23:00:00,505.689,502.874018233334,8.24364,80.0473
2016-10-10 23:15:00,495.332,495.537737533333,8.0807,80.6965
2016-10-10 23:29:59,502.496,502.941085833334,7.94717,81.283
2016-10-10 23:45:00,506.761,503.9959219,7.78679,81.7302
2016-10-11 00:00:00,505.967,503.9098629,7.65088,82.1842
2016-10-11 00:14:59,504.676,501.638280166667,7.6,82.7582
2016-10-11 00:30:00,497.807,496.872066,7.50755,83.1057
2016-10-11 00:45:00,485.488,488.129199633334,7.49811,83.4132
2016-10-11 00:59:59,481.427,486.227047599999,7.36271,83.9475
2016-10-11 01:15:00,495.353,494.851945033333,7.21111,84.1963
2016-10-11 01:30:00,496.633,492.883459633334,7.05094,84.3547
2016-10-11 01:44:59,488.839,489.548787566668,6.92222,84.8426
2016-10-11 02:00:00,478.833,476.361221933335,6.8322,85.1102
2016-10-11 02:15:00,473.883,471.790567133333,6.66038,85.2094
2016-10-11 02:29:59,468.42,467.514960333334,6.59623,85.4698
2016-10-11 02:45:00,465.919,465.3096607,6.47143,85.7375
2016-10-11 03:00:00,465.184,465.001959566667,6.34386,85.9895
2016-10-11 03:14:59,464.036,462.994228866666,6.18113,86.2566
2016-10-11 03:30:00,462.581,464.431711433334,6.0717,86.4359
2016-10-11 03:45:00,464.009,465.218061366667,5.93509,86.5351
2016-10-11 03:59:59,463.625,464.510911733334,5.89273,86.8236
2016-10-11 04:15:00,460.396,462.171317566667,5.77925,86.9698
2016-10-11 04:30:00,464.252,463.4852961,5.69811,87.0811
2016-10-11 04:44:59,465.202,463.4455578,5.58814,87.3525
2016-10-11 05:00:00,465.377,460.461675966667,5.5,87.5037
2016-10-11 05:15:00,458.995,457.788494933333,5.43585,87.7736
2016-10-11 05:29:59,459.458,459.591576766667,5.27037,87.737
2016-10-11 05:45:00,462.894,461.1074154,5.15085,88.039
2016-10-11 06:00:00,469.815,469.234226500001,5.1,88.4491
2016-10-11 06:14:59,474.808,473.979761533333,5.1,88.7792
2016-10-11 06:30:00,479.866,477.309809533334,3.31429,88.8
2016-10-11 06:45:00,467.287,468.975340466667,5.1,88.6368
2016-10-11 06:59:59,469.335,470.6427901,5.11887,88.666
2016-10-11 07:15:00,471.789,470.802990533333,5.28302,88.6491
2016-10-11 07:30:00,474.178,474.148423066668,5.57368,88.5579
2016-10-11 07:44:59,473.499,473.254100633334,6.01091,88.1564
2016-10-11 08:00:00,467.652,468.9026076,6.76604,87.2679
2016-10-11 08:15:00,466.15,470.182567766666,7.90192,85.3923
2016-10-11 08:29:59,466.454,466.3533994,9.04118,82.6667
2016-10-11 08:45:00,467.953,468.585849233334,9.87347,80.3327
2016-10-11 09:00:00,468.19,471.852137700001,10.6288,78.1173
2016-10-11 09:14:59,466.531,469.556333733333,11.6021,75.9646
2016-10-11 09:30:00,460.167,459.842036499999,12.6365,70.0058
2016-10-11 09:45:00,441.229,445.9013969,13.6458,64.5833
2016-10-11 09:59:59,433.706,437.764825433334,14.3283,61.3868
2016-10-11 10:15:00,429.164,431.716034633333,14.8468,59.5851
2016-10-11 10:30:00,430.985,434.074099599999,15.4667,57.7981
2016-10-11 10:44:59,428.308,430.567716266666,15.9043,56.9348
2016-10-11 11:00:00,426.501,425.156797866666,16.5636,55.9164
2016-10-11 11:15:00,419.59,416.889486133332,17.2783,54.3065
2016-10-11 11:29:59,415.328,429.064734766668,17.7764,52.9527
2016-10-11 11:45:00,413.841,414.566704399999,18.2565,52.3761
2016-10-11 12:00:00,412.958,413.513547066667,18.6073,52.0345
2016-10-11 12:14:59,412.249,414.984593266667,18.95,51.6739
2016-10-11 12:30:00,412.82,413.190712133334,19.24,51.6618
2016-10-11 12:45:00,409.493,409.9295699,19.5609,51.3043
2016-10-11 12:59:59,406.593,408.565197833333,19.7304,51.3
2016-10-11 13:15:00,407.319,409.3974781,19.9543,51.2826
2016-10-11 13:30:00,411.214,410.8390611,20.1364,50.4945
2016-10-11 13:44:59,410.913,411.7862208,20.2,50.5587
2016-10-11 14:00:00,412.349,415.567613699999,20.1891,50.3982
2016-10-11 14:15:00,410.399,410.795239933334,20.0283,51.1913
2016-10-11 14:29:59,408.983,410.024114333333,19.7727,51.1473
2016-10-11 14:45:00,408.035,409.9562777,19.6217,51.5935
2016-10-11 15:00:00,408.824,411.0453422,19.3909,52.0073
2016-10-11 15:14:59,412.014,414.469543466666,19.2239,52.9913
2016-10-11 15:30:00,412.195,414.798565766667,16.9815,53.3389
2016-10-11 15:45:00,414.126,416.132031533333,18.7787,54.234
2016-10-11 15:59:59,417.047,418.5919638,18.6019,54.6094
2016-10-11 16:15:00,421.117,423.1981414,18.4979,55.3458
2016-10-11 16:30:00,421.959,430.456880366668,18.3673,55.9404
2016-10-11 16:44:59,437.641,438.185233066667,18.1875,57.3896
2016-10-11 17:00:00,433.967,437.435871000001,18.0231,57.5846
2016-10-11 17:15:00,436.806,441.711430733334,18.0143,57.5408
2016-10-11 17:29:59,442.772,445.1891191,17.8216,58.6412
2016-10-11 17:45:00,452.512,453.527617599999,17.466,60.562
2016-10-11 18:00:00,461.448,459.0690453,16.93,62.57
2016-10-11 18:14:59,472.047,467.882654833333,16.338,64.51
2016-10-11 18:30:00,478.511,472.562797,15.906,66.052
2016-10-11 18:45:00,486.076,475.353521933333,15.4431,67.3902
2016-10-11 18:59:59,478.373,470.570752966666,15.0959,67.6306
2016-10-11 19:15:00,445.349,453.237482066665,15.1058,66.7038
2016-10-11 19:30:00,448.68,453.964047266665,15.1958,67.8896
2016-10-11 19:44:59,444.979,454.101238633332,15.0698,68.6283
2016-10-11 20:00:00,445.651,457.209932166667,14.8702,69.6
2016-10-11 20:15:00,452.801,462.385263733334,14.5623,70.7396
2016-10-11 20:29:59,462.296,466.355953133333,11.9915,71.9489
2016-10-11 20:45:00,468.346,468.963755833333,13.6315,73.1481
2016-10-11 21:00:00,468.479,471.584378633333,13.1304,74.2
2016-10-11 21:14:59,465.209,471.648116433334,12.8018,75.3091
2016-10-11 21:30:00,454.284,464.960915800002,12.46,76.1978
2016-10-11 21:45:00,445.877,449.652568400001,12.22,76.9473
2016-10-11 21:59:59,436.648,438.270383666666,12.2,77.1196
2016-10-11 22:15:00,430.382,435.657848733334,12.1327,77.0527
2016-10-11 22:30:00,428.688,431.733749799999,12.1,76.6674
2016-10-11 22:44:59,426.594,430.7793926,12.1,76.3291
