datetime_O3_rf_113,O3_ref_113,O3_fit_113,O3_T_113,O3_RH_113
2016-09-24 17:45:00,33.9696,34.82398375,22.5169,51.8339
2016-09-24 18:00:00,32.1544,32.48615033,22.2759,52.3667
2016-09-24 18:14:59,32.2262,33.7329746966666,21.9623,52.683
2016-09-24 18:30:00,31.3086,32.17413585,21.6623,53.2472
2016-09-24 18:45:00,29.3141,28.9706225599999,21.3283,53.975
2016-09-24 18:59:59,27.7789,27.5416824,21.0208,54.6736
2016-09-24 19:15:00,27.6806,28.5036123866666,20.7509,55.2528
2016-09-24 19:30:00,27.8836,28.2803106899999,20.3685,55.9185
2016-09-24 19:44:59,26.8567,27.0283488366667,20.1763,56.5712
2016-09-24 20:00:00,25.2408,25.2817042466666,19.9132,57.3396
2016-09-24 20:15:00,24.7055,25.0569774033333,19.5981,57.7453
2016-09-24 20:29:59,24.7287,24.6048172966666,19.3327,58.1345
2016-09-24 20:45:00,23.854,23.04726912,19.1121,58.7483
2016-09-24 21:00:00,23.659,23.5901185133333,18.8075,59.3906
2016-09-24 21:14:59,22.4837,22.41264795,18.5585,60.1113
2016-09-24 21:30:00,21.6813,20.8397126633333,18.2821,60.6625
2016-09-24 21:45:00,21.4824,21.4736965533334,17.9263,60.6842
2016-09-24 21:59:59,20.9049,20.71786264,17.6868,61.0434
2016-09-24 22:15:00,20.203,20.0119612166667,17.4574,61.2926
2016-09-24 22:30:00,20.3394,19.9897435233333,17.1328,61.2224
2016-09-24 22:44:59,20.844,20.3287706733333,16.9091,61.2273
2016-09-24 23:00:00,18.5819,18.75050918,16.6264,61.8623
2016-09-24 23:15:00,16.1259,16.4233148266667,16.3811,62.7604
2016-09-24 23:29:59,15.6116,15.8703817033334,16.1119,63.3492
2016-09-24 23:45:00,15.5825,15.8145035333334,15.9111,63.4407
2016-09-25 00:00:00,16.6877,17.4407630133333,15.634,63.8415
2016-09-25 00:14:59,15.5381,15.6991971633333,15.4245,64.3151
2016-09-25 00:30:00,14.832,15.1905657633334,15.2117,64.7233
2016-09-25 00:45:00,15.7267,15.6389609540001,14.9736,65.1642
2016-09-25 00:59:59,15.8023,15.7331997240001,14.7204,65.6685
2016-09-25 01:15:00,14.2471,14.8777681633333,14.5745,66.2036
2016-09-25 01:30:00,15.5533,15.546622118,14.381,66.781
2016-09-25 01:44:59,15.6236,15.8851282766667,14.1604,67.317
2016-09-25 02:00:00,17.1937,16.681487494,13.9396,67.7774
2016-09-25 02:15:00,16.4047,15.835723334,13.7786,68.3804
2016-09-25 02:29:59,14.6574,14.8612983486667,13.6053,69.0965
2016-09-25 02:45:00,10.7026,11.679491528,13.4245,69.7679
2016-09-25 03:00:00,9.15124,10.940820211,13.183,70.3642
2016-09-25 03:14:59,8.26816,9.219014925,13.0965,70.9684
2016-09-25 03:30:00,8.43692,8.94425698833334,12.9518,71.5732
2016-09-25 03:45:00,8.78842,10.0938302923333,12.7868,72.0321
2016-09-25 03:59:59,8.48886,9.168238032,12.5906,72.5019
2016-09-25 04:15:00,9.18363,9.24487901166668,12.4276,73.1052
2016-09-25 04:30:00,8.60978,9.14198150666666,12.2491,73.6691
2016-09-25 04:44:59,9.09422,9.36554548766668,12.2,74.2642
2016-09-25 05:00:00,9.80391,9.967678678,12.0849,74.9057
2016-09-25 05:15:00,8.08256,8.94518323666666,11.9186,75.5085
2016-09-25 05:29:59,8.23812,8.94498275566667,11.8,75.8611
2016-09-25 05:45:00,9.68124,10.157300521,11.7019,75.9648
2016-09-25 06:00:00,10.3397,10.5414032096667,11.563,76.0093
2016-09-25 06:14:59,9.41628,9.71951639733333,11.5,76.2831
2016-09-25 06:30:00,9.97217,10.4102208933333,11.5,76.4283
2016-09-25 06:45:00,11.622,11.8922816036667,11.5,76.1019
2016-09-25 06:59:59,12.3323,12.246185362,11.5,75.7964
2016-09-25 07:15:00,13.1317,12.7674559036666,11.6983,75.231
2016-09-25 07:30:00,14.4759,13.9964320726667,12.1472,73.0906
2016-09-25 07:44:59,14.49,14.1525972386666,12.7679,73.3906
2016-09-25 08:00:00,15.0182,15.2037928633333,13.5732,71.5
2016-09-25 08:15:00,15.8206,16.1001908133333,14.9596,69.0246
2016-09-25 08:29:59,15.97,16.1504170666667,16.3885,65.8231
2016-09-25 08:45:00,16.1971,16.3259557466667,17.4472,62.9358
2016-09-25 09:00:00,16.81,16.72236529,18.5793,60.3603
2016-09-25 09:14:59,16.6708,17.0583777033333,19.4964,57.96
2016-09-25 09:30:00,17.9298,18.1883782666667,19.7941,56.3176
2016-09-25 09:45:00,19.2016,18.6234329066667,19.7,56.1296
2016-09-25 09:59:59,19.6121,20.0885189066667,19.8576,56.0119
2016-09-25 10:15:00,20.7244,21.1072103966666,20.0444,55.7407
2016-09-25 10:30:00,21.7616,21.6575107333333,20.2113,55.4132
2016-09-25 10:44:59,23.2762,23.0690026566667,20.6786,54.825
2016-09-25 11:00:00,25.2148,25.1959025833333,21.0789,54.2842
2016-09-25 11:15:00,27.6579,26.9672366666667,21.4264,53.3057
2016-09-25 11:29:59,30.7168,30.4568670333334,21.7132,52.3075
2016-09-25 11:45:00,35.4428,35.2100665033334,21.9737,50.7246
2016-09-25 12:00:00,35.5854,35.65997322,22.2643,51.05
2016-09-25 12:14:59,37.0879,36.4246998133334,22.5962,49.9208
2016-09-25 12:30:00,38.747,37.68447288,22.8792,48.7774
2016-09-25 12:45:00,40.1748,40.4985819900001,22.9707,47.6052
2016-09-25 12:59:59,40.9429,40.87561957,23,47.2109
2016-09-25 13:15:00,41.4581,41.1339356266667,23.1113,46.1887
2016-09-25 13:30:00,41.5666,41.3418794966667,23.2,45.55
2016-09-25 13:44:59,41.1278,41.35861969,23.2,44.9356
2016-09-25 14:00:00,42.1161,42.7110250966666,23.2,44.9321
2016-09-25 14:15:00,43.3237,43.1591737433334,23.2,44.4377
2016-09-25 14:29:59,43.6286,43.3851378033333,23.2,44.2315
2016-09-25 14:45:00,44.1207,43.5881150766667,23.2678,43.7203
2016-09-25 15:00:00,44.1655,43.8030915733333,23.3,42.6585
2016-09-25 15:14:59,43.8523,43.8299983666667,23.3,42.3741
2016-09-25 15:30:00,44.3169,44.0544205233333,23.3,42.1286
2016-09-25 15:45:00,44.6483,43.4377409400001,23.3649,41.5702
2016-09-25 15:59:59,42.9005,42.8519581633333,23.5547,41.3547
2016-09-25 16:15:00,42.59,41.9763478366667,23.872,41.04
2016-09-25 16:30:00,41.8498,41.9405403166666,23.9889,40.6278
2016-09-25 16:44:59,41.0349,41.6660556566667,23.9491,40.8887
2016-09-25 17:00:00,39.4938,40.5258135566667,23.8259,40.9833
2016-09-25 17:15:00,40.5895,41.3007301133333,23.6576,41.0492
2016-09-25 17:29:59,35.2602,37.0668918133334,23.4962,41.2019
2016-09-25 17:45:00,27.9287,29.3743018533334,23.266,41.5906
2016-09-25 18:00:00,23.7262,26.9454858633333,21.0273,42.7618
2016-09-25 18:14:59,23.1887,25.2766542266667,22.5052,44.0793
2016-09-25 18:30:00,27.4872,28.7164726466666,22.0943,45.3547
2016-09-25 18:45:00,29.5296,29.15529775,21.6792,46.317
2016-09-25 18:59:59,28.8104,29.0790510333333,21.2821,47.2821
2016-09-25 19:15:00,28.4051,28.6128310766666,20.9368,48.3333
2016-09-25 19:30:00,27.5838,28.3328314133333,20.5962,49.383
2016-09-25 19:44:59,27.2225,27.74171872,20.2321,50.0811
2016-09-25 20:00:00,26.2981,26.4239925033333,20.0526,50.6211
2016-09-25 20:15:00,23.8639,22.8346081533333,19.6393,51.7411
2016-09-25 20:29:59,23.1672,22.6027140266666,19.263,52.0648
2016-09-25 20:45:00,20.8416,20.3347595546666,18.9736,52.8226
2016-09-25 21:00:00,20.1816,20.0654501866667,18.639,53.4763
2016-09-25 21:14:59,21.8199,21.6851549433333,18.2648,54.4167
2016-09-25 21:30:00,18.7098,17.9148856353333,17.8547,55.2585
2016-09-25 21:45:00,15.3493,16.3408789423333,17.6415,56.0491
2016-09-25 21:59:59,17.892,17.4541014203333,17.44,56.6483
2016-09-25 22:15:00,16.3502,17.1485622553333,17.2038,57.1377
2016-09-25 22:30:00,16.476,17.0638254333333,17.0226,57.2943
2016-09-25 22:44:59,20.3054,19.6298333133333,16.9944,57.1648
2016-09-25 23:00:00,20.6715,19.6668200066667,16.8932,57.5271
2016-09-25 23:15:00,19.5495,19.21710782,16.7415,58.117
2016-09-25 23:29:59,17.0346,16.7216690933333,16.5604,59.1679
2016-09-25 23:45:00,15.6298,16.06093773,16.3273,59.9345
2016-09-26 00:00:00,16.4437,16.93268374,16.1328,60.7017
2016-09-26 00:14:59,16.7218,16.90374712,15.9849,61.2736
2016-09-26 00:30:00,16.8067,16.6726211466667,15.8547,61.9641
2016-09-26 00:45:00,15.5972,15.6680779833333,15.6786,62.8804
2016-09-26 00:59:59,17.0229,15.6751872278667,15.5214,63.3714
2016-09-26 01:15:00,15.439,14.1439473889334,15.4,64.1377
2016-09-26 01:30:00,13.6753,13.740783702,15.3358,64.7792
2016-09-26 01:44:59,13.949,13.9514377503333,15.2207,65.2724
2016-09-26 02:00:00,16.0229,15.5376851733333,15.0964,65.6818
2016-09-26 02:15:00,15.1476,15.1104509766667,14.9717,66.3906
2016-09-26 02:29:59,13.7958,13.5693693416667,14.8094,66.9717
2016-09-26 02:45:00,12.4485,13.592664,14.6288,68.0085
2016-09-26 03:00:00,12.1912,12.0186273316667,14.5481,68.7056
2016-09-26 03:14:59,11.1085,11.200439619,14.3698,69.3943
2016-09-26 03:30:00,10.8254,10.683208131,14.2208,69.9377
2016-09-26 03:45:00,9.53756,9.41959831233333,14.075,70.79
2016-09-26 03:59:59,8.18758,8.38211503033332,14,71.6019
2016-09-26 04:15:00,8.13336,8.39729361799999,12.034,72.2887
2016-09-26 04:30:00,7.5015,7.855326498,13.8109,72.9636
2016-09-26 04:44:59,5.55497,6.0213156636,13.8,73.6569
2016-09-26 05:00:00,2.69474,3.37615306905333,13.734,74.3132
2016-09-26 05:15:00,0.646807,2.06049879691333,13.6585,74.7736
2016-09-26 06:45:00,1.0252,1.86129904516667,13.7418,75.2236
2016-09-26 06:59:59,2.67928,2.71248107186667,13.9132,74.8
2016-09-26 07:15:00,5.32648,6.17850832690001,14.3717,74.5566
2016-09-26 07:30:00,8.81954,8.91149684433334,15.0847,73.5458
2016-09-26 07:44:59,9.16134,9.53005096566667,15.9574,71.987
2016-09-26 08:00:00,9.72015,10.9921352398,17.0321,70.134
2016-09-26 08:15:00,10.2537,10.6972313632,17.95,68.1815
2016-09-26 08:29:59,10.3321,11.1236122982,19.0153,66.6475
2016-09-26 08:45:00,10.9633,12.5815172593333,20.1396,64.8528
2016-09-26 09:00:00,15.1129,16.6769619606667,20.9075,63.4755
2016-09-26 09:14:59,19.42,20.14842353,21.902,61.714
2016-09-26 09:30:00,23.0706,23.6957630066666,22.7208,59.9189
2016-09-26 09:45:00,24.5159,25.9584859166667,23.2228,58.6737
2016-09-26 09:59:59,25.0311,26.0624577566667,23.6125,58.5357
2016-09-26 10:15:00,26.9338,28.7711757433334,24.2038,58.2135
2016-09-26 10:30:00,29.8106,30.18965944,24.7245,57.983
2016-09-26 10:44:59,32.3969,33.4293162466667,25.3542,57.6695
2016-09-26 11:00:00,36.2758,35.8447127766666,26.0889,57.3352
2016-09-26 11:15:00,39.8432,39.9565210966666,26.8566,56.7981
2016-09-26 11:29:59,42.2689,42.4006467833332,27.4151,56.0019
2016-09-26 11:45:00,43.208,42.9204028433333,27.7767,55.69
2016-09-26 12:00:00,44.5739,43.1924534366666,28.2865,55.2712
2016-09-26 12:14:59,43.4489,42.3287191433333,28.2132,56.3113
2016-09-26 12:30:00,31.7014,30.908612178,27.0673,60.0891
2016-09-26 12:45:00,29.4989,30.7085684633334,25.8207,64.3776
2016-09-26 12:59:59,31.6968,32.4011280466667,25.3321,64.5849
2016-09-26 13:15:00,35.7951,35.4340497733333,23.1698,61.5868
2016-09-26 13:30:00,37.0663,35.52804751,24.8732,61.2732
2016-09-26 13:44:59,37.5754,36.90467133,25.086,60.2298
2016-09-26 14:00:00,37.3934,36.21589254,25.1113,59.517
2016-09-26 14:15:00,36.6672,36.8185659333333,25.0226,59.0113
2016-09-26 14:29:59,33.3283,33.9278008533333,24.419,59.1931
2016-09-26 14:45:00,30.6625,31.21390798,23.7109,59.1745
2016-09-26 15:00:00,29.6545,30.6413955033334,23.2132,60.3623
2016-09-26 15:14:59,31.6437,31.3341944066667,22.883,61.8302
2016-09-26 15:30:00,31.3223,32.0837703033333,22.7153,62.722
2016-09-26 15:45:00,27.9183,29.5150564866667,22.3741,63.9944
2016-09-26 15:59:59,27.6486,27.8588875566667,22.083,65.6585
2016-09-26 16:15:00,28.7697,29.9447317333334,21.787,66.0315
2016-09-26 16:30:00,29.1036,29.7118492366667,21.5831,66.6797
2016-09-26 16:44:59,30.7592,31.5116466933334,21.2698,67.0208
2016-09-26 17:00:00,32.6432,33.2448060233334,21.0283,67.1887
2016-09-26 17:15:00,32.9508,32.2200119833334,20.88,67.7273
2016-09-26 17:29:59,27.6318,29.6003783933333,20.6614,67.786
2016-09-26 17:45:00,38.0253,37.6353498633333,20.4038,67.0811
2016-09-26 18:00:00,38.9419,37.85970312,20.2,66.4547
2016-09-26 18:14:59,37.2053,36.9873045833333,20.1526,66.8439
2016-09-26 18:30:00,34.5466,33.6706790166666,19.9643,67.4696
2016-09-26 18:45:00,33.4706,32.8354053033334,19.8472,67.7906
2016-09-26 18:59:59,33.0226,32.2862232433334,19.7075,68.466
2016-09-26 19:15:00,31.8048,30.6360209066666,19.581,69.2672
2016-09-26 19:30:00,29.5686,29.5427814433333,19.4315,70.0889
2016-09-26 19:44:59,28.0794,28.40131726,19.3113,70.7717
2016-09-26 20:00:00,27.6744,28.95249917,19.2623,71.0849
2016-09-26 20:15:00,28.5984,28.70514919,19,71.4817
2016-09-26 20:29:59,26.9079,28.0053094833334,18.7151,72.2698
2016-09-26 20:45:00,23.7983,24.7307632133334,18.5358,73.2076
2016-09-26 21:00:00,23.2765,22.3785136686667,18.2981,73.9833
2016-09-26 21:14:59,22.329,22.98582867,18.0593,74.3458
2016-09-26 21:30:00,21.6224,21.5470383633333,17.863,73.9444
2016-09-26 21:45:00,19.1227,19.9195285466667,17.7167,73.0574
2016-09-26 21:59:59,17.924,18.8379966533334,15.4911,72.8036
2016-09-26 22:15:00,18.5172,18.5690676833334,17.2965,73.6561
2016-09-26 22:30:00,18.4713,18.7762789033333,17.017,74.0283
2016-09-26 22:44:59,16.2461,17.6591767766667,16.8509,73.9226
2016-09-26 23:00:00,16.0604,16.6360997366667,16.6,74.3509
2016-09-26 23:15:00,14.9026,15.256720782,16.3464,75.0232
2016-09-26 23:29:59,13.9957,14.327410472,16.1304,75.5696
2016-09-26 23:45:00,12.8371,12.4386794546667,15.9818,75.72
2016-09-27 00:00:00,12.9114,12.2955911566667,15.7152,76.3826
2016-09-27 00:14:59,11.3597,11.850889143,15.4109,77.3273
2016-09-27 00:30:00,12.0577,12.2285810316667,15.1264,78.0396
2016-09-27 00:45:00,11.9585,12.27218903,14.8245,78.7434
2016-09-27 00:59:59,11.5537,11.6749252596667,14.5804,79.3929
2016-09-27 01:15:00,12.5396,12.7895627103333,14.3875,80.1911
2016-09-27 01:30:00,12.8588,12.5540673093333,14.2377,80.8868
2016-09-27 01:44:59,12.0195,11.6629280203334,14.083,81.217
2016-09-27 02:00:00,12.2298,11.9859590563333,13.9655,81.8759
2016-09-27 02:15:00,11.495,11.3854038456666,13.837,82.3389
2016-09-27 02:29:59,10.9379,11.306497392,13.7925,82.6453
2016-09-27 02:45:00,10.9427,11.1754471326667,13.7019,82.7585
2016-09-27 03:00:00,10.4224,10.419499122,13.7,82.5617
2016-09-27 03:14:59,10.7972,10.8773308643333,13.6,82.2377
2016-09-27 03:30:00,11.8552,11.7100114026667,13.5321,81.934
2016-09-27 03:45:00,11.2026,11.012999407,13.4704,81.6167
2016-09-27 03:59:59,10.43,10.7706292873333,13.2881,81.6237
2016-09-27 04:15:00,10.3866,10.687803789,10.9868,81.7283
2016-09-27 04:30:00,10.9564,10.9492693163334,13.0547,81.8736
2016-09-27 04:44:59,10.6859,10.6855020243333,12.9429,82.0411
2016-09-27 05:00:00,9.03101,9.81208936800001,12.8228,82.1649
2016-09-27 05:15:00,6.55484,8.30117226733329,12.7358,82.3132
2016-09-27 05:29:59,7.88876,8.88658177933331,12.6189,82.4943
2016-09-27 05:45:00,7.9565,6.66773592719999,12.5281,82.6316
2016-09-27 06:00:00,7.55296,8.00566537746667,12.4286,82.7643
2016-09-27 06:14:59,6.28939,6.1708824968,12.3792,82.8566
2016-09-27 06:30:00,7.22115,6.81283823173333,12.3,82.8245
2016-09-27 06:45:00,8.47152,7.83070726633334,12.3293,82.9569
2016-09-27 06:59:59,9.73903,9.53695348233334,12.5019,82.7074
2016-09-27 07:15:00,11.5706,11.449844655,12.834,81.883
2016-09-27 07:30:00,11.2918,11.2013404943333,13.2811,80.9509
2016-09-27 07:44:59,12.458,12.2246973186666,13.89,79.3217
2016-09-27 08:00:00,12.7584,12.3516312083333,14.7208,77.4396
2016-09-27 08:15:00,14.0072,14.195178248,15.8906,74.3358
2016-09-27 08:29:59,14.7012,15.2705316893334,17.1907,70.6389
2016-09-27 08:45:00,15.9909,16.4928933693333,16.5052,66.5983
2016-09-27 09:00:00,16.2011,16.5090513866667,19.1509,63.5132
2016-09-27 09:14:59,16.3547,16.9076665566667,19.5981,61.0943
2016-09-27 09:30:00,17.9284,18.0154282266667,19.7357,59.2821
2016-09-27 09:45:00,19.6617,19.5242559966667,20.0053,58.0597
2016-09-27 09:59:59,21.2951,21.8377333333333,20.1981,55.6283
2016-09-27 10:15:00,23.1104,23.67161829,20.4,53.6415
2016-09-27 10:30:00,25.7736,25.63653963,20.8912,51.2368
2016-09-27 10:44:59,27.0323,26.82691116,21.2232,49.4357
2016-09-27 11:00:00,28.6694,28.5202764800001,21.5453,47.6057
2016-09-27 11:15:00,30.319,29.6703702566667,21.8226,45.7604
2016-09-27 11:29:59,33.4584,31.7537468366667,21.9729,42.7847
2016-09-27 11:45:00,31.4822,31.66928357,22.1815,42.6944
2016-09-27 12:00:00,32.5185,32.6563693533334,22.4679,40.8075
2016-09-27 12:14:59,34.8817,34.7455023233333,22.5566,38.4132
2016-09-27 12:30:00,35.2965,34.93408693,22.585,39.0483
2016-09-27 12:45:00,35.8985,35.9920918199999,22.6528,38.4113
2016-09-27 12:59:59,37.1043,36.8221113066667,22.5849,37.5264
2016-09-27 13:15:00,37.6772,37.8323476433333,22.5,37.8704
2016-09-27 13:30:00,38.2512,38.5261967400001,22.4017,37.3593
2016-09-27 13:44:59,38.6891,38.7918661933333,22.3547,36.4811
2016-09-27 14:00:00,39.088,38.9439316433333,22.3,36.3038
2016-09-27 14:15:00,40.0369,39.5502168866666,22.3,36.3518
2016-09-27 17:00:00,40.5546,40.1993121499999,21.8132,37.2491
2016-09-27 17:15:00,40.9867,40.1901034633333,21.6583,38.05
2016-09-27 17:29:59,40.9113,40.00280623,21.3415,38.5264
2016-09-27 17:45:00,39.6322,39.2971775066666,21.0019,39.1075
2016-09-27 18:00:00,37.9162,37.9486984466666,20.52,39.3055
2016-09-27 18:14:59,36.18,36.4141327866668,20.0897,41.0586
2016-09-27 18:30:00,32.5454,33.4355888333334,17.4811,42.4264
2016-09-27 18:45:00,29.1238,29.0284237633333,18.9208,43.4585
2016-09-27 18:59:59,28.1283,29.97576578,18.4232,45.6268
2016-09-27 19:15:00,27.5035,28.3759460133334,17.9053,46.9825
2016-09-27 19:30:00,27.7473,28.3225921566667,17.5943,48.1604
2016-09-27 19:44:59,19.8311,19.980339605,17.2808,49.5308
2016-09-27 20:00:00,23.015,22.0764072917333,16.9948,49.7345
2016-09-27 20:15:00,23.5757,22.6046270113333,16.78,50.4982
2016-09-27 20:29:59,20.8694,20.5385243463333,16.4396,51.6075
2016-09-27 20:45:00,12.6397,12.9132429701667,16.1604,52.7623
2016-09-27 21:00:00,12.9288,12.2701766900666,15.9237,54.0661
2016-09-27 21:14:59,6.64601,8.77319371233333,15.6111,54.9296
2016-09-27 21:30:00,7.50478,6.82247430746667,15.4226,56.034
2016-09-27 21:45:00,5.93156,7.9781202301,15.317,57.1038
2016-09-27 21:59:59,5.98591,5.58610806736668,15.2678,57.5644
2016-09-27 22:15:00,4.27384,6.09665858683333,15.0679,58.7151
2016-09-27 22:30:00,6.67926,6.29051716816666,14.9226,59.2717
2016-09-27 22:44:59,8.15818,8.01822849199999,14.7673,59.6036
2016-09-27 23:00:00,6.22033,6.83377511913334,14.5914,60.5741
2016-09-27 23:15:00,7.08896,7.29649153066668,14.383,60.4585
2016-09-27 23:29:59,4.60877,4.33883614096667,14.1151,63.0415
2016-09-27 23:45:00,4.10629,4.3133069168,13.8446,64.4929
2016-09-28 00:00:00,3.50709,3.3232239558,13.7333,65.8035
2016-09-28 00:14:59,0.791022,2.10636502723333,13.5264,66.8302
2016-09-28 02:00:00,1.40594,2.86408564210001,12.1377,72.0792
2016-09-28 02:15:00,5.79578,5.97762504746666,12.0358,71.9057
2016-09-28 02:29:59,7.85277,7.1104100354,11.9593,71.8815
2016-09-28 02:45:00,6.31949,5.77743508219999,11.8288,72.4542
2016-09-28 03:00:00,6.05195,5.40602137778667,11.7377,72.9189
2016-09-28 03:14:59,5.5632,5.16291639663334,9.47736,73.1943
2016-09-28 03:30:00,5.11931,4.91356123433334,11.5,73.5782
2016-09-28 03:45:00,4.33259,3.53958312724,11.3741,73.8534
2016-09-28 03:59:59,2.40641,2.36814552121334,11.234,74.3528
2016-09-28 04:15:00,0.4443,1.0014038664,11.0755,74.8962
2016-09-28 07:30:00,0.817359,1.64054551978667,11.4153,78.1644
2016-09-28 07:44:59,1.1476,1.18321631035333,10.5302,76.5774
2016-09-28 08:00:00,0.46923,1.70309443823334,13.1151,74.7245
2016-09-28 08:15:00,3.13851,4.81482367833334,13.95,72.3339
2016-09-28 08:29:59,11.2509,12.6047191023333,15.6754,66.2789
2016-09-28 08:45:00,15.1375,16.67755804,17.3679,61.0264
2016-09-28 09:00:00,17.6948,17.9144108806667,18.4615,57.3519
2016-09-28 09:14:59,18.4572,18.4298375593333,19.0638,55.3879
2016-09-28 09:30:00,20.1375,20.15285322,19.3782,54.1527
2016-09-28 09:45:00,20.1032,20.9215187533333,19.7811,53.9283
2016-09-28 09:59:59,22.2206,24.7818702566667,20.1585,53.7604
2016-09-28 10:15:00,25.5735,27.11931816,20.3542,54.3119
2016-09-28 10:30:00,27.443,28.4593841766667,20.9648,54.8796
2016-09-28 10:44:59,31.5694,33.6660017433333,21.4283,55.9755
2016-09-28 11:00:00,33.5914,34.9706758299999,21.6963,57.2926
2016-09-28 11:15:00,34.7333,34.9798723966666,21.739,58.1593
2016-09-28 11:29:59,34.3738,36.51922151,21.8113,58.5264
2016-09-28 11:45:00,35.6023,35.7443837833333,22.0547,58.483
2016-09-28 12:00:00,36.7691,36.2000204633333,22.2364,57.7309
2016-09-28 12:14:59,38.5193,38.2691868633333,22.6544,56.3175
2016-09-28 12:30:00,39.1635,39.1109632966667,23.0057,55.234
2016-09-28 12:45:00,39.7889,38.3592143166666,23.3151,54.0057
2016-09-28 12:59:59,40.8501,40.45835176,23.3263,53.1544
2016-09-28 13:15:00,41.7977,40.9061142833332,23.5,51.8464
2016-09-28 13:30:00,41.8074,42.4178544,23.5,50.9604
2016-09-28 13:44:59,42.8807,42.8138335666667,23.6385,50.3481
2016-09-28 14:00:00,42.8994,42.9026320966667,23.9017,49.9017
2016-09-28 14:15:00,44.4298,43.4680377066667,24.0241,48.9963
2016-09-28 14:29:59,43.8677,43.71789556,24.1906,48.9981
2016-09-28 14:45:00,41.9804,42.6554923900001,24.3,49.1792
2016-09-28 15:00:00,43.0524,43.1309755166668,24.25,49.19
2016-09-28 15:14:59,44.3606,43.8937865966667,24.1472,49.1509
2016-09-28 15:30:00,44.1902,43.4578731666667,24.3321,49.3208
2016-09-28 15:45:00,44.4244,42.21598224,24.3145,49.2436
2016-09-28 15:59:59,43.8296,43.9673800833334,24.1655,49.8155
2016-09-28 16:15:00,43.3495,43.1193864466667,23.8868,50.8358
2016-09-28 16:30:00,42.9247,43.3962735666667,23.6057,51.6453
2016-09-28 16:44:59,42.1464,42.12296329,23.2821,52.5625
2016-09-28 17:00:00,40.6961,40.2451569533333,23.0895,53.3316
2016-09-28 17:15:00,40.6946,38.1608052066666,22.6537,54.1278
2016-09-28 17:29:59,39.4738,38.4575422366666,22.2491,55.3849
2016-09-28 17:45:00,38.0163,37.0596576099999,21.8293,56.8707
2016-09-28 18:00:00,35.7156,34.4381200099999,21.3673,58.5891
2016-09-28 18:14:59,34.8808,35.1787956833333,20.8906,59.9283
2016-09-28 18:30:00,35.4132,35.0320133466667,20.3415,61.0849
2016-09-28 18:45:00,34.4516,34.5549373633334,20.1356,62.2644
2016-09-28 18:59:59,33.8315,32.8409098666666,19.8057,63.2113
2016-09-28 19:15:00,33.6236,33.6354121366668,19.5415,63.9566
2016-09-28 19:30:00,33.8912,33.7045293866667,19.3185,64.5019
2016-09-28 19:44:59,33.9617,33.6316675433334,19.1695,64.9847
2016-09-28 20:00:00,33.7842,33.78990764,19.0226,65.4283
2016-09-28 20:15:00,33.9476,33.6610055833334,18.9491,65.917
2016-09-28 20:29:59,33.921,33.6133523366667,18.8018,66.4309
2016-09-28 20:45:00,32.4671,32.7031503233333,18.6772,66.9947
2016-09-28 21:00:00,32.5475,32.7390294133333,18.6,67.5528
2016-09-28 21:14:59,33.1797,32.99271106,18.6245,68.0434
2016-09-28 21:30:00,33.7951,33.1796811766666,18.6474,68.5246
2016-09-28 21:45:00,32.9684,32.6849714366666,18.6,69.1625
2016-09-28 21:59:59,32.2911,32.3848727266667,18.6,69.7755
2016-09-28 22:15:00,32.6078,32.21516309,18.5943,70.4811
2016-09-28 22:30:00,31.8093,31.3474447933334,18.5,71.1724
2016-09-28 22:44:59,30.9251,30.9273493833334,16.6481,72.0259
2016-09-28 23:00:00,30.7216,30.8107860633333,16.5698,72.6868
2016-09-28 23:15:00,30.7456,30.567789,18.6,73.034
2016-09-28 23:29:59,30.1365,29.9304788033334,18.715,73.2017
2016-09-28 23:45:00,29.1553,28.8960901400001,18.8075,73.3019
2016-09-29 00:00:00,28.4898,28.0555153933333,18.9434,73.4
2016-09-29 00:14:59,28.2734,28.50228833,19.0236,73.48
2016-09-29 00:30:00,27.6333,27.23833454,19.1586,73.4483
2016-09-29 00:45:00,26.6342,26.08575416,19.2,73.9509
2016-09-29 00:59:59,25.4105,24.8089178933333,19.2,74.7811
2016-09-29 01:15:00,22.8623,21.43552591,18.9607,76.6161
2016-09-29 01:30:00,21.7332,21.5513102533333,18.4018,79
2016-09-29 01:44:59,20.667,19.3043784026667,18.0245,80.7566
2016-09-29 02:00:00,19.47,19.4572414916667,17.883,82.1623
2016-09-29 02:15:00,18.9401,18.592723939,17.7789,83.0789
2016-09-29 02:29:59,18.4951,18.5363185326667,17.7,83.6491
2016-09-29 02:45:00,18.1737,19.0882832,17.7,84.1849
2016-09-29 03:00:00,19.0567,18.895136,17.666,84.4981
2016-09-29 03:14:59,18.4557,18.87411196,17.6,84.6915
2016-09-29 03:30:00,18.7489,18.7664042533333,17.5148,84.7315
2016-09-29 03:45:00,18.234,17.79314828,17.5,84.9094
2016-09-29 03:59:59,16.9474,16.2345280033333,17.5,85.1509
2016-09-29 04:15:00,16.7058,15.6218618626666,17.415,85.1867
2016-09-29 04:30:00,14.8977,14.3188089203334,17.4,85.2868
2016-09-29 04:44:59,10.9665,11.4002893536667,17.2906,85.4849
2016-09-29 05:00:00,10.3939,10.4274214716667,17.0909,85.2745
2016-09-29 05:15:00,10.5335,10.4308145056666,17,85.5155
2016-09-29 05:29:59,12.6417,12.6066383433333,17,85.6453
2016-09-29 05:45:00,12.0998,12.1508501966667,17,85.1717
2016-09-29 06:00:00,10.4192,10.425964251,16.9589,84.9571
2016-09-29 06:14:59,10.7367,10.8240645446667,16.8125,84.7411
2016-09-29 06:30:00,10.7579,10.8137061276667,14.4151,84.366
2016-09-29 06:45:00,9.74343,10.1359713993333,16.4491,84.1736
2016-09-29 06:59:59,8.62414,8.57778850313333,16.3155,84.15
2016-09-29 07:15:00,9.09736,9.65752703066668,16.2109,83.8709
2016-09-29 07:30:00,10.3761,10.3680083603333,16.2,83.5189
2016-09-29 07:44:59,11.06,10.9611891816667,16.2925,82.8755
2016-09-29 08:00:00,11.1352,10.7235916443333,16.4881,82.3017
2016-09-29 08:15:00,11.2401,12.167872077,16.9463,81.2037
2016-09-29 08:29:59,11.9722,12.511888175,17.4132,79.0811
2016-09-29 08:45:00,11.0299,10.3163953613333,17.3377,78.4887
2016-09-29 09:00:00,10.8045,11.289255633,17.3034,78.2
2016-09-29 09:14:59,10.6467,11.0488283136667,17.3132,77.9925
2016-09-29 09:30:00,10.6838,11.0377223166666,16.9943,79.5283
2016-09-29 09:45:00,9.9062,10.6110253916667,16.5291,81.1236
2016-09-29 09:59:59,9.69251,9.99859256966666,16.1386,82.5439
2016-09-29 10:15:00,10.9228,11.343948718,16.3113,82.9981
2016-09-29 10:30:00,12.1238,12.0473764776667,16.7642,82.4208
2016-09-29 10:44:59,12.5155,11.8328782305333,17.1877,81.507
2016-09-29 11:00:00,11.69,12.062122469,17.4911,80.8179
2016-09-29 11:15:00,11.7076,12.74571964,17.6885,80.8635
2016-09-29 11:29:59,12.6081,12.7039613033333,18.034,81.2528
2016-09-29 11:45:00,13.5338,13.86006264,18.8186,79.1051
2016-09-29 12:00:00,13.6843,13.87368385,19.3704,77.0352
2016-09-29 12:14:59,14.2218,14.55538076,20.0245,75.3434
2016-09-29 12:30:00,14.9557,14.9634547366667,20.5981,73.3453
2016-09-29 12:45:00,15.0246,15.6811864966667,20.8667,71.5767
2016-09-29 12:59:59,15.5115,16.2378362466666,20.7906,71.2226
2016-09-29 13:15:00,16.9938,16.874189518,20.7038,71.0596
2016-09-29 13:30:00,16.9208,16.6896743663333,20.7,71.0927
2016-09-29 13:44:59,17.3048,17.9863882933333,20.7,70.7362
2016-09-29 14:00:00,16.7727,17.35977834,20.7245,70.3906
2016-09-29 14:15:00,16.897,17.8568512633333,20.9094,69.834
2016-09-29 14:29:59,16.8365,18.1658019333333,21,69.275
2016-09-29 18:14:59,12.1682,13.64548577,18.2109,77.4345
2016-09-29 18:30:00,12.1642,12.4953288833333,17.9736,77.817
2016-09-29 18:45:00,12.1011,12.2801335533333,17.7849,78.2811
2016-09-29 18:59:59,11.8468,12.7211070086667,17.6288,79.0661
2016-09-29 19:15:00,12.876,14.149215801,17.3278,80.4389
2016-09-29 19:30:00,12.2678,12.336120576,16.8623,82.2547
2016-09-29 19:44:59,12.3202,12.7623186186667,16.4778,83.3889
2016-09-29 20:00:00,12.143,13.1914163146667,16.1932,84.483
2016-09-29 20:15:00,12.2302,13.0285129826667,16.0245,85.2679
2016-09-29 20:29:59,11.1445,11.9252170013333,15.8981,85.7396
2016-09-29 20:45:00,11.3013,11.235728916,13.8636,86.0836
2016-09-29 21:00:00,11.246,11.6514983166667,15.6379,86.45
2016-09-29 21:14:59,11.477,11.5830836976667,15.5321,86.6491
2016-09-29 21:30:00,11.7144,12.510285222,15.4434,86.8189
2016-09-29 21:45:00,11.7849,11.5449953916667,15.4,87.0719
2016-09-29 21:59:59,12.0083,11.865802346,15.4,87.2661
2016-09-29 22:15:00,12.1263,12.0534077226667,15.3642,87.334
2016-09-29 22:30:00,12.4624,11.965447105,15.3,87.3642
2016-09-29 22:44:59,8.61057,9.34964155933332,15.3293,87.6793
2016-09-29 23:00:00,8.28506,9.23674525233335,15.4,87.8527
2016-09-29 23:15:00,10.3208,9.979457474,15.4,87.7868
2016-09-29 23:29:59,9.54697,9.70844791533332,15.4,87.734
2016-09-29 23:45:00,9.34643,9.70444756733331,15.4,87.8717
2016-09-30 00:00:00,10.305,10.685707996,15.3765,87.9922
2016-09-30 00:14:59,8.91432,9.504209017,15.3,88.3604
2016-09-30 00:30:00,10.12,10.121163981,15.2393,88.5964
2016-09-30 00:45:00,11.4478,11.3486652833333,15.1368,88.6544
2016-09-30 00:59:59,11.4529,11.162512645,15.0792,88.7038
2016-09-30 01:15:00,11.117,11.0634854176667,15,88.7308
2016-09-30 01:30:00,10.773,10.9806275916667,14.9534,88.7621
2016-09-30 01:44:59,11.0325,11.0434481466667,14.9,88.7491
2016-09-30 02:00:00,11.1358,11.0298469716667,14.9,88.8547
2016-09-30 02:15:00,10.2946,10.8481684886667,14.834,88.8094
2016-09-30 02:29:59,10.4382,10.9772877503333,14.8,88.883
2016-09-30 02:45:00,10.7262,10.8825544323333,14.7377,88.9245
2016-09-30 03:00:00,11.5193,11.2606966816667,14.7,88.8245
2016-09-30 03:14:59,11.4679,11.3373212166667,14.6926,88.6852
2016-09-30 03:30:00,11.4772,11.4559677516667,14.6051,88.6051
2016-09-30 03:45:00,12.0971,12.0846253416667,14.6,88.5
2016-09-30 03:59:59,12.2572,12.211886251,14.6,88.4849
2016-09-30 04:15:00,12.2251,12.1119266053333,14.6,88.4309
2016-09-30 04:30:00,12.3304,12.1795639533333,14.6,88.3603
2016-09-30 04:44:59,12.3517,12.2475108616667,14.6,88.2365
2016-09-30 05:00:00,12.2696,11.5796427766667,14.6,88.1358
2016-09-30 05:15:00,11.4456,11.4339294403333,14.6,88.1
2016-09-30 05:29:59,11.1831,11.1301305283333,14.6,88.0321
2016-09-30 05:45:00,10.001,10.674656481,14.6,88.0226
2016-09-30 06:00:00,10.3901,10.6149543423333,14.6,88.0113
2016-09-30 06:14:59,10.0473,8.60846257040001,14.6,88.0172
2016-09-30 06:30:00,9.24395,10.2694536896667,14.6,87.9927
2016-09-30 06:45:00,8.64458,9.00194124166667,14.6,87.8519
2016-09-30 06:59:59,8.58718,9.46500061833334,14.6623,87.6226
2016-09-30 07:15:00,9.68833,10.0153729113333,14.78,87.1833
2016-09-30 07:30:00,9.29275,9.690889837,14.9264,86.9151
2016-09-30 07:44:59,9.4489,9.82345454633335,15.0547,86.4849
2016-09-30 08:00:00,9.73856,9.92387060133332,15.2093,85.9556
2016-09-30 08:15:00,9.61401,9.71815835433332,15.3881,85.3627
2016-09-30 08:29:59,10.013,10.0102025956667,15.517,84.6698
2016-09-30 08:45:00,10.6928,10.5791402803333,15.8113,84.017
2016-09-30 09:00:00,11.3714,11.3704509023333,13.9455,83.3091
2016-09-30 09:14:59,13.0514,13.4884962966667,16.4544,82.0789
2016-09-30 09:30:00,14.487,14.78964874,17.1887,80.2019
2016-09-30 09:45:00,15.0206,14.7150967833333,17.5849,78.4509
2016-09-30 09:59:59,15.2622,14.9899773266667,17.8737,77.1579
2016-09-30 10:15:00,15.1539,15.2206147666667,18.0625,76.1286
2016-09-30 10:30:00,16.2099,16.44109474,17.9094,75.7981
2016-09-30 10:44:59,18.1698,18.5766029766666,18.034,75.3113
2016-09-30 11:00:00,19.2968,19.04969417,18.8052,73.8379
2016-09-30 11:15:00,19.5864,20.02418861,19.2648,70.9315
2016-09-30 11:29:59,19.6005,19.0412594,19.234,71.9038
2016-09-30 11:45:00,19.8274,19.97906817,19.3,71.2642
2016-09-30 12:00:00,19.2244,19.4841990666667,19.3,71.0833
2016-09-30 12:14:59,20.9542,20.94990658,19.4245,70.4434
2016-09-30 12:30:00,21.1061,20.4680483566667,19.3415,70.2094
2016-09-30 12:45:00,19.8281,19.4370048366667,19.3,70.4685
2016-09-30 12:59:59,19.0223,18.84804331,19.2052,70.6948
2016-09-30 13:15:00,18.2635,19.0066637666666,19.2,70.5528
2016-09-30 17:00:00,13.7589,13.591941089,16.0038,84.4075
2016-09-30 17:15:00,14.1137,14.58462665,15.8925,84.5075
2016-09-30 17:29:59,13.7918,14.6256989166667,15.5873,84.6018
2016-09-30 17:45:00,13.6894,13.6039438173334,15.3983,84.9293
2016-09-30 18:00:00,13.1524,14.2019991066667,15.2736,85.3113
2016-09-30 18:14:59,13.1421,12.4622951076667,15.1509,85.634
2016-09-30 18:30:00,12.4517,12.0531055666667,15.0571,86.0732
2016-09-30 18:45:00,12.452,12.89404198,15,86.3036
2016-09-30 18:59:59,12.6936,12.590706834,15,86.4208
2016-09-30 19:15:00,12.8385,12.65288936,15,86.4604
2016-09-30 19:30:00,11.6475,11.8978296833333,14.9845,86.4966
2016-09-30 19:44:59,11.0584,11.567796445,14.9,86.3836
2016-09-30 20:00:00,12.6146,12.3793609233333,14.9,86.2623
2016-09-30 20:15:00,12.251,11.3318081726667,14.8981,86.3396
2016-09-30 20:29:59,12.2566,12.1952750273333,14.8033,86.4
2016-09-30 20:45:00,11.8532,12.4830364933333,14.8,86.4434
2016-09-30 21:00:00,12.4415,12.440774904,14.8,86.4038
2016-09-30 21:14:59,13.1374,12.81708153,14.8,86.3389
2016-09-30 21:30:00,12.5473,12.1848093483333,14.8,86.4621
2016-09-30 21:45:00,13.1522,13.5288214233334,14.8,86.5283
2016-09-30 21:59:59,13.2083,12.5568257593333,14.8,86.6792
2016-09-30 22:15:00,12.5323,12.332440212,14.75,87.1304
2016-09-30 22:30:00,12.2854,12.006794735,14.6228,87.7175
2016-09-30 22:44:59,12.3748,12.3650481333333,14.6,86.334
2016-09-30 23:00:00,12.2253,12.149383714,14.6,88.2596
2016-09-30 23:15:00,11.9035,11.6808049763333,14.6,88.5
2016-09-30 23:29:59,11.3716,11.0044214716667,14.6,88.6236
2016-09-30 23:45:00,11.112,10.205747794,14.6,88.6283
2016-10-01 00:00:00,10.0231,10.3742203953333,14.5377,88.7509
2016-10-01 00:14:59,10.0926,9.79569569733333,14.3966,88.9627
2016-10-01 00:30:00,9.07017,8.58990066266668,14.2704,89.1259
2016-10-01 00:45:00,8.8226,8.87232710233333,14.2,89.1358
2016-10-01 00:59:59,9.2173,8.91636409566666,14.1208,89.2226
2016-10-01 01:15:00,8.62783,8.69152746599999,14.025,89.3567
2016-10-01 01:30:00,8.27408,8.257415714,14,89.5
2016-10-01 01:44:59,8.40586,8.04489651399999,13.9906,89.5981
2016-10-01 02:00:00,6.9449,7.19883713266666,13.9964,89.6218
2016-10-01 02:15:00,6.95289,7.101886497,14.0259,89.7017
2016-10-01 02:29:59,7.65766,7.50213206033333,14.1208,89.634
2016-10-01 02:45:00,7.8303,7.52864927433334,14.2,89.7302
2016-10-01 03:00:00,7.17845,7.04528611233334,14.2,89.925
2016-10-01 03:14:59,6.63528,6.47641618399999,14.2,90.0684
2016-10-01 03:30:00,6.34407,6.56782497866667,12.1245,90.1943
2016-10-01 03:45:00,6.24795,6.450714418,14.2,90.3962
2016-10-01 03:59:59,6.69811,6.902041062,14.2895,90.4
2016-10-01 04:15:00,7.10974,6.99552707966667,14.3,90.3964
2016-10-01 04:30:00,7.14206,7.32395261366667,14.3,90.3755
2016-10-01 04:44:59,6.69441,6.68209886766668,14.3,90.2906
2016-10-01 05:00:00,7.10755,7.01821767033333,14.2034,90.1847
2016-10-01 05:15:00,7.151,7.25659931799999,14.2,90.2
2016-10-01 05:29:59,7.20327,7.173700614,14.2,90.117
2016-10-01 05:45:00,7.15489,7.31211476133333,14.2,90.0906
2016-10-01 06:00:00,6.23241,6.58182143033334,14.1983,90.1517
2016-10-01 06:14:59,5.75996,6.05367294766666,14.2151,90.2
2016-10-01 06:30:00,4.64955,5.26785131200001,14.2585,90.2113
2016-10-01 06:45:00,5.29752,5.41052997600001,14.2,90.1964
2016-10-01 06:59:59,4.48425,5.140532231,14.2897,90.2
2016-10-01 07:15:00,4.7777,5.21247788966667,14.3415,90.2
2016-10-01 07:30:00,5.71807,6.06831501866665,14.5434,90.2019
2016-10-01 07:44:59,6.09411,6.26873685133333,14.8518,90.1929
2016-10-01 08:00:00,6.41667,6.44364441933334,15.4772,89.7982
2016-10-01 08:15:00,7.43673,7.59844786533332,16.3528,88.6962
2016-10-01 08:29:59,8.70906,9.40837148000002,17.3057,86.5868
2016-10-01 08:45:00,10.5561,10.1830838683333,17.9776,84.0586
2016-10-01 09:00:00,11.7781,11.8437675896667,18.4982,81.7745
2016-10-01 09:14:59,12.2343,11.865235909,18.6151,80.5113
2016-10-01 09:30:00,12.732,12.331855607,18.9811,79.6604
2016-10-01 09:45:00,13.446,13.0463307936666,19.5186,77.8729
2016-10-01 09:59:59,13.1059,13.350883993,20.0537,76.6685
2016-10-01 10:15:00,14.0823,14.186647003,20.283,75.1642
2016-10-01 10:30:00,14.7643,14.5552157613333,20.8151,74.1642
2016-10-01 10:44:59,14.8461,14.714727354,21.1203,73.4492
2016-10-01 11:00:00,15.7051,15.0344912006667,21.5679,72.5604
2016-10-01 11:15:00,17.4805,16.6267419333333,21.7,71.534
2016-10-01 11:29:59,19.0721,18.0651383336667,21.7455,71.4636
2016-10-01 11:45:00,19.0499,18.5371912966667,22.069,70.5828
2016-10-01 12:00:00,21.2337,21.75045669,22.5604,68.1604
2016-10-01 12:14:59,24.037,23.4889592966667,22.9755,68.1415
2016-10-01 12:30:00,22.3699,21.673553934,22.9947,67.6965
2016-10-01 12:45:00,22.2782,21.1210876526667,22.8554,67.9375
2016-10-01 12:59:59,23.5465,22.89900344,22.7792,68.0679
2016-10-01 13:15:00,26.3473,24.41069596,23.034,67.3566
2016-10-01 13:30:00,27.0298,26.6037671733333,23.181,67.0121
2016-10-01 13:44:59,26.9939,26.40441619,22.9945,66.7164
2016-10-01 14:00:00,25.978,26.17011342,22.5604,67.9585
2016-10-01 14:15:00,25.6683,26.6374107633333,22.3226,69.2358
2016-10-01 14:29:59,27.5364,27.8866095633334,20.5271,68.7492
2016-10-01 14:45:00,27.7963,27.1474314266667,22.5094,68.2113
2016-10-01 15:00:00,28.2501,29.22029972,22.217,68.2302
2016-10-01 15:14:59,28.4431,29.4417859133333,21.1222,71.0389
2016-10-01 15:30:00,30.1823,29.8674164933334,20.2695,74.2119
2016-10-01 15:45:00,28.3258,28.9247497366667,20.1226,76.3283
2016-10-01 15:59:59,30.7284,30.5828682833333,20.1,76.2755
2016-10-01 16:15:00,31.4943,30.5015062666667,20.0036,76.5255
2016-10-01 16:30:00,29.8063,29.51711348,20,77.6431
2016-10-01 16:44:59,29.2662,29.07530993,20,78.1698
2016-10-01 17:00:00,27.5262,27.5683935533334,20,78.6885
2016-10-01 17:15:00,26.5396,27.5000351366667,19.886,78.7088
2016-10-01 17:29:59,31.8972,29.91310743,17.7964,77.6929
2016-10-01 17:45:00,30.3803,28.4438777866667,19.2736,78.6075
2016-10-01 18:00:00,18.7158,21.653209346,18.8528,79.7245
2016-10-01 18:14:59,21.3834,22.3516461566666,18.419,80.0345
2016-10-01 18:30:00,24.2107,23.5956525733333,17.8836,81.1564
2016-10-01 18:45:00,12.069,14.7269989151,17.5509,82.4981
2016-10-01 18:59:59,6.1343,7.26522481513334,15.3528,83.7566
2016-10-01 19:15:00,3.38158,5.43708226613334,16.9867,84.7533
2016-10-01 19:30:00,3.94681,6.48056345926666,16.7377,85.6094
2016-10-01 19:44:59,1.24094,3.14650568335332,16.5208,86.3566
2016-10-01 20:00:00,2.93331,4.25727896926666,16.3611,86.8611
2016-10-01 20:15:00,6.23561,6.31839991413334,16.181,87.3293
2016-10-01 20:29:59,2.83366,3.87841345726666,16.1,87.8642
2016-10-01 20:45:00,1.76418,3.00160810586666,16.017,88.1774
2016-10-02 23:00:00,19.6304,19.9347267453333,15.4075,89.1375
2016-10-02 23:15:00,19.3198,20.4456551906667,15.3259,89.2707
2016-10-02 23:29:59,17.793,17.3415609903333,15.1264,89.3566
2016-10-02 23:45:00,17.5057,16.8253638246666,14.9472,89.5736
2016-10-03 00:00:00,16.4719,15.506312356,14.7643,89.8125
2016-10-03 00:14:59,14.8012,14.1270043023333,14.6035,89.8596
2016-10-03 00:30:00,15.1139,14.0853362523334,14.4811,90.0094
2016-10-03 00:45:00,13.6664,12.871833195,14.3226,90.1849
2016-10-03 00:59:59,12.331,11.7079433023334,14.2,90.3614
2016-10-03 01:15:00,10.9488,11.203278195,14.1491,90.5327
2016-10-03 01:30:00,11.0487,10.3947086216667,14.0472,90.6151
2016-10-03 01:44:59,9.02283,9.46396037533332,13.9415,90.7358
2016-10-03 02:00:00,9.35635,9.87628472833334,13.8,90.7271
2016-10-03 02:15:00,10.7694,9.89698586366667,13.7593,90.7333
2016-10-03 02:29:59,6.50669,6.87193020866667,13.6623,90.9075
2016-10-03 02:45:00,8.61222,8.402308524,13.5434,90.9623
2016-10-03 03:00:00,10.0326,8.651048586,13.4407,90.939
2016-10-03 03:14:59,6.93754,6.63251549883332,13.4,91.0396
2016-10-03 03:30:00,2.98316,2.67442475633333,13.4642,91.1623
2016-10-03 03:45:00,0.774744,1.69277838725333,13.5527,91.4527
2016-10-03 03:59:59,2.58213,3.05067900103333,13.7193,91.6
2016-10-03 04:15:00,3.23326,3.6575788815,13.8,90.0528
2016-10-03 04:30:00,4.61873,4.4471639182,13.9038,91.6755
2016-10-03 04:44:59,1.57971,2.78995091806666,14,91.6947
2016-10-03 05:00:00,3.0936,4.00655532866666,14,91.6
2016-10-03 05:15:00,4.71614,5.1041767272,13.987,91.5111
2016-10-03 05:29:59,3.95832,4.13025069846666,13.9,91.5
2016-10-03 05:45:00,6.13591,5.42274628433334,13.9,91.4949
2016-10-03 06:00:00,6.22485,6.03054606333334,13.813,91.237
2016-10-03 06:14:59,5.64787,5.24232433913333,13.8,91.2
2016-10-03 06:30:00,4.26622,5.48007449933334,13.7464,91.2
2016-10-03 06:45:00,3.41418,3.6588682283,13.6684,91.2175
2016-10-03 06:59:59,2.118,2.64465592253333,13.6189,91.2774
2016-10-03 07:15:00,2.80464,2.67057262613334,13.7208,91.3
2016-10-03 07:30:00,3.37825,5.41988824280001,13.8561,91.2509
2016-10-03 07:44:59,5.85044,6.07576773766668,14.1345,91.2073
2016-10-03 08:00:00,6.57235,7.5245966364,14.4151,90.9906
2016-10-03 08:15:00,9.80281,9.32604356926668,14.717,90.2094
2016-10-03 08:29:59,11.5176,11.7581541613333,15.2881,89.0746
2016-10-03 08:45:00,11.8575,12.3263813333333,15.5611,88.0889
2016-10-03 09:00:00,11.215,11.855914024,15.817,87.5623
2016-10-03 09:14:59,11.8714,9.34581618493333,16.0264,87.2396
2016-10-03 09:30:00,12.4636,11.36802029486,16.3068,86.6627
2016-10-03 09:45:00,14.0582,12.9524177353333,16.6377,85.7887
2016-10-03 09:59:59,16.3421,16.5956159774666,16.9717,84.3585
2016-10-03 10:15:00,18.5435,18.579287532,17.3691,83.7218
2016-10-03 10:30:00,20.5993,22.6040861666666,17.7719,82.1877
2016-10-03 10:44:59,25.1974,24.4471520799999,18.5472,80.3415
2016-10-03 11:00:00,28.9879,30.4386693733334,19.166,77.2943
2016-10-03 11:15:00,29.3115,29.3320382966667,19.5947,75.5965
2016-10-03 11:29:59,32.085,30.5937295566666,20.22,72.8964
2016-10-03 11:45:00,32.851,32.9889283033333,20.6491,70.5792
2016-10-03 12:00:00,34.6324,33.7895763233333,20.9208,68.6019
2016-10-03 12:14:59,38.0311,36.8762846533333,21.0864,65.7746
2016-10-03 12:30:00,38.8905,35.59788351,21.2889,65.0111
2016-10-03 12:45:00,37.0896,36.9266939333333,21.4434,64.4472
2016-10-03 12:59:59,40.8841,40.3251262333333,21.4208,62.3415
2016-10-03 13:15:00,42.2134,40.9350922166667,21.0678,61.583
2016-10-03 13:30:00,40.0833,39.2697899733333,20.8057,61.766
2016-10-03 13:44:59,37.0949,36.6393123633334,20.7,62.975
2016-10-03 14:00:00,39.6663,38.5924302133334,20.7286,63.3464
2016-10-03 14:15:00,39.8611,39.4261870533333,20.9115,62.7712
2016-10-03 14:29:59,40.6749,39.9338850733334,21,62.4113
2016-10-03 14:45:00,40.5056,38.8358148866667,21.0305,61.9254
2016-10-03 15:00:00,39.5737,38.8889032766667,21.1,62.3635
2016-10-03 15:14:59,41.242,40.5036420366667,21.0906,62.1981
2016-10-03 15:30:00,38.0904,37.7513447766666,21,62.9582
2016-10-03 15:45:00,35.8922,36.3773935366667,20.8879,63.7345
2016-10-03 15:59:59,37.7568,37.2259794133333,20.7434,64.0151
2016-10-03 16:15:00,32.7482,32.4634007066666,20.7057,65.1774
2016-10-03 16:30:00,33.5548,32.9913641633333,20.7263,65.014
2016-10-03 16:44:59,36.2614,32.5850565633333,20.5179,64.5411
2016-10-03 17:00:00,34.0492,34.0465468733333,20.2491,65.3094
2016-10-03 17:15:00,32.8242,32.4673515333333,20.1887,66.0509
2016-10-03 17:29:59,30.7159,30.48382062,19.969,66.9741
2016-10-03 17:45:00,28.0022,28.4476447366667,19.6296,68.2296
2016-10-03 18:00:00,22.8844,22.5364153760001,19.2302,69.7283
2016-10-03 18:14:59,18.8851,18.7030039146667,18.7358,71.3981
2016-10-03 18:30:00,18.1519,17.7936219523333,18.1617,72.705
2016-10-03 18:45:00,14.952,12.6227640043333,17.6302,74.5132
2016-10-03 18:59:59,8.92692,11.3040772251667,17.2,76.3642
2016-10-03 19:15:00,5.88943,5.59932915266667,16.8574,77.7241
2016-10-03 19:30:00,5.44435,4.8356253793,16.5086,78.9259
2016-10-03 19:44:59,2.7157,2.9065980982,16.2075,80.0981
2016-10-03 20:00:00,2.16483,2.37438623965333,16.0189,80.9962
2016-10-03 20:15:00,1.60788,2.14730069413333,15.7875,81.8661
2016-10-03 20:29:59,0.506174,1.3341765658,15.6088,82.6702
2016-10-04 03:30:00,0.189304,0.853561177013333,13.1,90.5
2016-10-04 03:45:00,0.334511,0.892750263973333,13.1,90.5145
2016-10-04 03:59:59,1.46334,1.53445348039334,13.1,90.6
2016-10-04 04:15:00,1.96355,1.49950765473333,13.1,90.7769
2016-10-04 04:30:00,2.99256,2.73046936962,13.1,90.9321
2016-10-04 04:44:59,3.66486,3.51156052986667,13.1,90.9579
2016-10-04 05:00:00,3.18982,2.96465891370001,13.1,90.9321
2016-10-04 05:15:00,2.23387,2.67264216453334,13.0736,90.8679
2016-10-04 06:30:00,0.349889,1.09252640016667,12.4,90.8321
2016-10-04 06:45:00,1.86933,2.1366909214,12.4,90.765
2016-10-04 06:59:59,1.27646,1.36735798830667,12.4226,90.8302
2016-10-04 07:15:00,1.18686,1.48379409542667,12.6396,91.0679
2016-10-04 07:30:00,3.41323,3.26380364733334,12.96,90.8345
2016-10-04 07:44:59,5.09114,3.99257928026,13.2224,90.3138
2016-10-04 08:00:00,5.17395,4.79518873188667,13.6906,89.8057
2016-10-04 08:15:00,4.66942,4.26742839034666,12.2308,88.7596
2016-10-04 08:29:59,6.79055,7.40730169266667,15.3456,86.6316
2016-10-04 08:45:00,7.39074,7.97401323633333,16.1661,83.8768
2016-10-04 09:00:00,8.59854,9.1320180846,16.8094,81.4057
2016-10-04 09:14:59,10.1203,10.7207555013333,17.1811,79.4906
2016-10-04 09:30:00,11.4469,11.5276662526667,17.5271,78.2678
2016-10-04 09:45:00,13.1855,13.2496246226666,17.8926,77.1241
2016-10-04 09:59:59,14.9696,14.5532751233333,18.2585,76.2528
2016-10-04 10:15:00,15.8286,15.1422742226666,18.683,75.2981
2016-10-04 10:30:00,18.3048,18.0019416666667,19.195,74.165
2016-10-04 10:44:59,17.9871,17.8545739566667,19.5283,73.3906
2016-10-04 11:00:00,20.0366,20.32010778,19.8774,72.517
2016-10-04 11:15:00,24.8922,25.2462657633334,20.2691,70.4745
2016-10-04 11:29:59,27.9634,26.2528148733333,20.9103,68.8534
2016-10-04 11:45:00,29.6595,29.8749374966666,21.4472,67.1094
2016-10-04 12:00:00,31.3639,30.08609936,21.7642,65.8208
2016-10-04 12:14:59,33.3206,31.5807874533332,21.9875,64.7571
2016-10-04 12:30:00,36.4308,36.65490218,22.0018,63.6018
2016-10-04 12:45:00,38.4062,37.4837662966667,22.1,62.3623
2016-10-04 12:59:59,39.6245,39.1937323566667,22.0962,61.7415
2016-10-06 14:29:59,48.0073,48.40110528,23.4755,52.3019
2016-10-06 14:45:00,47.5379,48.1553294566667,23.5583,51.0567
2016-10-06 15:00:00,50.0362,48.4058424033334,23.6115,49.0673
2016-10-06 15:14:59,50.8695,48.0774471533335,23.6811,48.3283
2016-10-06 15:30:00,48.9405,47.9125417333334,23.6109,47.8709
2016-10-06 15:45:00,43.053,43.6716757,23.6586,47.1397
2016-10-06 15:59:59,38.6036,40.23384042,23.6038,47.2577
2016-10-06 16:15:00,34.8643,37.5668700066666,23.6,47.4113
2016-10-06 16:30:00,35.4173,36.68360532,23.5719,46.7842
2016-10-06 16:44:59,34.8076,35.2297788233334,21.65,47.2964
2016-10-06 17:00:00,37.4764,37.9278703933333,23.2472,47.9245
2016-10-06 17:15:00,41.7997,39.8770102633332,23.1679,48.7151
2016-10-06 17:29:59,37.1848,36.02630856,22.7542,50.4949
2016-10-06 17:45:00,30.8356,29.8723227333334,22.1556,52.7241
2016-10-06 18:00:00,17.8025,17.8389330223333,21.5192,54.7942
2016-10-06 18:14:59,13.4812,14.904599656,20.8315,56.963
2016-10-06 18:30:00,18.3439,17.7380529011333,20.1695,58.8102
2016-10-06 18:45:00,13.6907,13.7765561942667,19.6019,60.7811
2016-10-06 18:59:59,12.1792,13.6000386936,19.1245,62.1151
2016-10-06 19:15:00,18.2421,19.7174889816667,18.7182,62.6218
2016-10-06 19:30:00,21.1089,20.845452198,18.5526,63.0614
2016-10-06 19:44:59,25.2154,21.7840752833333,18.4,62.7491
2016-10-06 20:00:00,29.969,29.54205478,18.4283,61.5094
2016-10-06 20:15:00,34.4118,33.3161750066667,18.5351,60.4018
2016-10-06 20:29:59,34.5333,33.5281164633333,18.4727,60.2909
2016-10-06 20:45:00,30.6262,28.30460979,18.2283,60.8774
2016-10-06 21:00:00,24.9906,25.1079458229999,17.8792,61.6887
2016-10-06 21:14:59,28.3666,27.6201672133333,17.5966,62.7373
2016-10-06 21:30:00,30.8997,30.9788377533334,17.2963,64.0759
2016-10-06 21:45:00,31.0782,31.1229594266667,17.0173,65.3115
2016-10-06 21:59:59,31.5067,31.4106831033334,16.8167,66.4093
2016-10-06 22:15:00,32.3645,31.55969291,16.5712,67.4458
2016-10-06 22:30:00,32.4477,31.98080402,16.334,67.1208
2016-10-06 22:44:59,32.0043,31.2092695366667,16.1208,69.334
2016-10-06 23:00:00,30.3865,30.8733392,15.9636,70.2727
2016-10-06 23:15:00,31.7949,31.3092952966667,15.7172,71.3035
2016-10-06 23:29:59,31.1428,30.85442038,15.5358,72.3132
2016-10-06 23:45:00,29.8544,30.08389613,15.4019,73.1585
2016-10-07 00:00:00,30.9644,30.4699067433333,15.3439,73.886
2016-10-07 00:14:59,29.58,27.1279692633333,15.1446,74.4982
2016-10-07 00:30:00,27.1426,25.3413038333333,14.8434,75.2151
2016-10-07 00:45:00,25.3323,25.0597649666667,14.6038,76.1057
2016-10-07 00:59:59,22.4015,21.95674504,14.331,77.1138
2016-10-07 01:15:00,21.802,21.6696066466666,14.0333,78.1
2016-10-07 01:30:00,22.2292,21.4720810033333,13.8113,78.8981
2016-10-07 01:44:59,19.8948,17.3516546903333,13.6906,78.2491
2016-10-07 02:00:00,18.0504,16.626814725,13.4767,80.3567
2016-10-07 02:15:00,16.5533,15.180627355,13.3057,80.9774
2016-10-07 02:29:59,13.6231,14.3130438826666,13.1132,81.6868
2016-10-07 02:45:00,11.545,10.0699187926667,12.9815,82.2963
2016-10-07 03:00:00,10.5495,9.00533692233334,12.7793,82.7414
2016-10-07 03:14:59,8.86152,8.12975045806666,12.6038,83.2679
2016-10-07 03:30:00,8.63506,8.1823824926,12.5,83.9283
2016-10-07 03:45:00,7.46303,8.10931104833332,12.4714,84.4018
2016-10-07 03:59:59,6.97911,6.65394163706667,12.3982,84.7982
2016-10-07 04:15:00,6.28503,5.9489392036,12.3113,84.934
2016-10-07 04:30:00,5.40056,5.64027844266667,12.2736,85.2472
2016-10-07 04:44:59,6.44575,6.13413300673333,12.2,85.5552
2016-10-07 05:00:00,3.97664,5.04525295466667,12.2,85.7036
2016-10-07 05:15:00,5.23237,5.84289773633334,12.1981,85.9641
2016-10-07 05:29:59,5.54529,5.77952432566667,12.1094,86.2283
2016-10-07 05:45:00,3.54613,3.73956273043333,12.0661,86.3186
2016-10-07 06:00:00,2.1295,2.3250119306,12,86.5415
2016-10-07 06:14:59,1.08413,2.05001574252,11.9113,86.6377
2016-10-07 06:30:00,0.0855148,0.817887385013333,11.8,86.8
2016-10-07 06:59:59,0.295637,0.680271571593333,11.8226,86.9925
2016-10-07 07:15:00,0.939926,1.32063522968,12.0302,87.117
2016-10-07 07:30:00,1.46439,1.54204368519333,12.3855,87.0564
2016-10-07 07:44:59,2.55474,2.28159271068,13,86.5789
2016-10-07 08:00:00,3.84685,3.99671082766666,13.9596,86.0019
2016-10-07 08:15:00,8.26976,7.2458330712,15.4566,84.1774
2016-10-07 08:29:59,15.6095,14.382254219,17.0241,80.4586
2016-10-07 08:45:00,16.2533,15.1955515303333,18.2509,76.9127
2016-10-07 11:00:00,31.2292,31.14117124,23.0302,65.5226
2016-10-07 11:15:00,33.5674,33.5210754033333,23.4321,64.5893
2016-10-07 11:29:59,34.7624,34.2597421833333,23.9268,62.9089
2016-10-07 11:45:00,36.0683,35.7620699866667,24.217,61.5755
2016-10-07 12:00:00,36.1033,35.6424208433333,24.5415,61.1302
2016-10-07 12:14:59,35.3788,35.13867122,22.8034,60.4638
2016-10-07 12:30:00,35.7515,34.97633938,24.6963,59.5852
2016-10-07 12:45:00,36.0632,35.9348650266666,24.6,59.6264
2016-10-07 12:59:59,36.7326,36.5049119699999,24.6113,59.717
2016-10-07 13:15:00,35.0993,35.0083612733333,24.7864,59.8407
2016-10-07 13:30:00,32.5262,34.3296803866667,24.934,60.1906
2016-10-07 13:44:59,30.4593,30.5292587866667,24.9717,60.1057
2016-10-07 14:00:00,30.9501,30.7786223866667,22.9836,60.2145
2016-10-07 14:15:00,32.1699,31.8050295333334,25.4,59.7345
2016-10-07 14:29:59,31.3461,31.7517614733334,25.3642,60.1208
2016-10-07 14:45:00,31.555,32.3918557166667,25.2868,60.4547
2016-10-07 15:00:00,31.586,31.8720047333333,25.1386,61.0123
2016-10-07 15:14:59,30.2346,30.4907393133333,24.9732,61.6304
2016-10-07 15:30:00,29.8712,31.2291868833333,24.6868,60.9189
2016-10-07 15:45:00,30.8541,31.2269348133334,24.2868,64.417
2016-10-07 15:59:59,28.5074,29.5822875166667,23.3138,68.3741
2016-10-07 16:15:00,25.6429,26.4167891300001,22.087,73.3611
2016-10-07 16:30:00,24.1146,24.5401450066667,21.2698,76.8962
2016-10-07 16:44:59,23.5989,23.2722810333334,20.8396,79.3113
2016-10-07 17:00:00,21.7219,23.4950511133333,20.4767,80.95
2016-10-07 17:15:00,23.1588,24.3727611866666,20.2132,82.0679
2016-10-07 17:29:59,25.9587,26.60713667,20.1057,82.4075
2016-10-07 17:45:00,27.0941,29.5414325533334,19.6709,83.2255
2016-10-07 18:00:00,28.7278,28.2854311766667,19.269,83.5948
2016-10-07 18:14:59,28.5498,28.3445530066667,18.8654,84.1808
2016-10-07 18:30:00,28.2071,27.0420056333333,18.6226,85.1189
2016-10-07 18:45:00,27.1359,26.84312507,18.5737,85.5228
2016-10-07 18:59:59,26.8754,26.0041142493334,18.5,85.6911
2016-10-07 19:15:00,26.6497,26.08910093,18.4679,85.9415
2016-10-07 19:30:00,27.8752,27.23803211,18.266,86.1358
2016-10-07 19:44:59,26.5753,26.50733065,18.0661,86.6186
2016-10-07 20:00:00,25.2955,25.52495207,17.9519,87.15
2016-10-07 20:15:00,23.9183,22.9280588516667,17.8925,87.5906
2016-10-07 20:29:59,24.7747,24.22961671,17.8,87.9625
2016-10-07 20:45:00,24.0969,23.8794533666667,17.7088,88.286
2016-10-07 21:00:00,23.2981,23.2980945266667,17.7,88.4887
2016-10-07 21:14:59,22.8824,23.0760223600001,17.7,88.6679
2016-10-07 21:30:00,23.1086,23.5711755866667,17.7,88.8737
2016-10-07 21:45:00,21.8939,22.3127627133333,17.7,88.9
2016-10-07 21:59:59,22.3871,21.6970268066667,17.7,88.8981
2016-10-07 22:15:00,22.4526,22.4450533433333,17.7,87.5641
2016-10-07 22:30:00,22.8476,22.43723796,17.6949,89.2441
2016-10-07 22:44:59,23.0521,23.4278213266667,17.6,89.3907
2016-10-07 23:00:00,21.763,22.0373572733333,17.6,89.5226
2016-10-07 23:15:00,20.7407,21.0990510466667,17.6,89.6019
2016-10-07 23:29:59,21.4616,21.1378779633333,17.5441,89.6424
2016-10-07 23:45:00,21.2631,20.9771447866667,17.5,89.7604
2016-10-08 00:00:00,20.5752,20.3588950166667,17.5,89.7642
2016-10-08 00:14:59,19.8834,18.37825474,17.5,89.7982
2016-10-08 00:30:00,18.8448,16.638234364,17.5,89.7439
2016-10-08 00:45:00,16.4203,15.3026826466667,17.5,89.7755
2016-10-08 00:59:59,15.0848,14.6855252393333,17.5,89.8868
2016-10-08 01:15:00,14.0736,13.5491354543333,17.5,89.8228
2016-10-08 01:30:00,13.2185,13.1433963256667,17.5,89.8661
2016-10-08 01:44:59,11.9171,12.0396794326667,17.5245,89.9
2016-10-08 02:00:00,10.3692,10.8598701036667,17.6,89.9528
2016-10-08 02:15:00,10.2093,10.7573432546667,17.5847,89.9576
2016-10-08 02:29:59,11.0294,11.680509315,17.6,90
2016-10-08 02:45:00,11.6165,12.003998143,17.6,89.9906
2016-10-08 03:00:00,11.5046,11.8334847596667,17.6,90.0094
2016-10-08 03:14:59,12.4414,12.5649321766667,17.5983,90.0333
2016-10-08 03:30:00,12.67,12.6730223266667,17.5887,90.0151
2016-10-08 03:45:00,12.5844,12.8268684383333,17.5509,89.9641
2016-10-08 03:59:59,12.7182,12.7167271633333,17.5982,89.9255
2016-10-08 04:15:00,12.447,12.8070589666667,17.5793,89.9983
2016-10-08 04:30:00,14.0649,13.9402196303334,17.5208,90.0019
2016-10-08 04:44:59,13.3456,13.5846437133333,17.5,90.1623
2016-10-08 05:00:00,13.2297,13.2893919576667,17.5,90.2982
2016-10-08 05:15:00,13.1016,13.7526735833333,17.5,90.4196
2016-10-08 05:29:59,12.7991,13.48328666,17.5,90.5528
2016-10-08 05:45:00,13.2655,13.6024716833333,17.5,90.6302
2016-10-08 06:00:00,13.5129,13.8340970366667,17.5,90.7169
2016-10-08 06:14:59,14.6281,14.90145246,17.5,89.1815
2016-10-08 06:30:00,15.1794,14.8112064566667,17.5,88.9925
2016-10-08 06:45:00,14.7357,14.6567933533333,17.5,90.7887
2016-10-08 06:59:59,15.403,15.5607229106667,17.5,90.7817
2016-10-08 07:15:00,16.3708,16.14717388,17.5,90.8
2016-10-08 07:30:00,15.4112,14.6357150916666,17.5,90.7981
2016-10-08 07:44:59,13.9153,14.1722957366666,17.5327,90.7164
2016-10-08 08:00:00,12.6009,12.5333562313333,17.6603,90.7069
2016-10-08 08:15:00,13.3588,13.05495209,17.7,90.5981
2016-10-08 08:29:59,13.4712,12.9257481446667,17.8094,90.5849
2016-10-08 08:45:00,13.7284,13.1417238433333,17.9518,90.5089
2016-10-08 09:00:00,9.08226,9.65561986933334,18.1107,90.3464
2016-10-08 09:14:59,12.4418,12.435424212,18.1547,89.4226
2016-10-08 09:30:00,12.364,12.267063428,18.0358,88.9585
2016-10-08 09:45:00,10.8911,11.561801841,17.869,88.6293
2016-10-08 09:59:59,12.6491,12.4978920166667,17.7364,88.1909
2016-10-08 10:15:00,11.5917,11.82024792,17.7,88.0094
2016-10-08 10:30:00,11.2279,11.4876115933333,17.5698,87.8415
2016-10-08 10:44:59,13.6375,12.9638636863333,17.5,87.2033
2016-10-08 11:00:00,13.0752,12.8870981706667,17.4509,86.4434
2016-10-08 11:15:00,15.564,15.1075210356667,15.3623,85.5132
2016-10-08 11:29:59,16.4138,15.43584249,17.3815,84.863
2016-10-08 11:45:00,16.1516,15.51807193,17.2288,84.3458
2016-10-08 12:00:00,15.7127,15.5483550866667,17.0132,83.8717
2016-10-08 12:14:59,15.8248,15.0186608323333,16.7528,83.8226
2016-10-08 12:30:00,15.8122,15.168600633,16.3768,83.5839
2016-10-08 12:45:00,19.2546,18.3719509133334,16.1439,82.7053
2016-10-08 12:59:59,20.2455,16.1891303033333,16.0925,82.1113
2016-10-08 13:15:00,19.7855,19.3755519,15.9868,82.0321
2016-10-08 13:30:00,19.3869,17.6360997566667,15.9655,82.0345
2016-10-08 13:44:59,20.6911,19.4451868883333,16.2182,81.06
2016-10-08 14:00:00,21.9047,20.4241330166666,16.6019,79.6849
2016-10-08 17:45:00,32.7797,31.1694956933333,16.1019,62.2396
2016-10-08 18:00:00,31.332,29.6768220266667,15.9038,62.7509
2016-10-08 18:14:59,28.0031,28.03865808,15.6153,63.6593
2016-10-08 18:30:00,27.4871,27.52187642,15.4113,64.3057
2016-10-08 18:45:00,26.0407,26.15974928,15.283,64.9528
2016-10-08 18:59:59,26.4336,27.0972405613333,15.1055,65.0236
2016-10-08 19:15:00,30.4473,31.2412023433333,14.9293,64.5207
2016-10-08 19:30:00,29.1068,28.8786773466667,14.675,65.0673
2016-10-08 19:44:59,27.9265,29.1545145466666,14.5094,65.7566
2016-10-08 20:00:00,27.0025,28.0708225366667,12.4351,65.7421
2016-10-08 20:15:00,29.3927,29.1227694766667,14.0054,66.1375
2016-10-08 20:29:59,29.05,29.3456730266666,13.7923,66.8885
2016-10-08 20:45:00,30.7691,30.0976012966666,13.5906,67.1755
2016-10-08 21:00:00,30.0654,29.51009877,13.3254,67.8542
2016-10-08 21:14:59,28.7082,28.36391018,13.1,68.3574
2016-10-08 21:30:00,28.1276,27.0327783633333,12.9943,68.8962
2016-10-08 21:45:00,27.1854,26.7392588433333,12.8245,69.4943
2016-10-08 21:59:59,24.8596,24.5386796846666,12.6817,70.1733
2016-10-08 22:15:00,24.9434,24.3286909833333,10.5396,70.8887
2016-10-08 22:30:00,18.2765,17.4208261246666,10.3868,71.8038
2016-10-08 22:44:59,16.6648,15.6741741206667,12.1055,72.7909
2016-10-08 23:00:00,16.6883,16.6478085886667,11.8672,73.5931
2016-10-08 23:15:00,19.231,17.993148555,11.6642,74.4132
2016-10-08 23:29:59,15.5438,15.307872062,11.483,75.6283
2016-10-08 23:45:00,14.4747,14.4582515066667,11.2929,76.5839
2016-10-09 00:00:00,13.0904,12.676758258,11.0732,77.6482
2016-10-09 00:14:59,12.5172,12.662135523,10.8509,78.2981
2016-10-09 00:30:00,16.5473,16.51929904,10.6585,77.9415
2016-10-09 00:45:00,19.9267,19.15076361,10.5621,77.4759
2016-10-09 00:59:59,19.1827,18.9849418933333,10.3148,77.7204
2016-10-09 01:15:00,19.1253,19.25578046,10.1,77.9226
2016-10-09 01:30:00,19.4604,19.4803013366666,9.92642,77.8075
2016-10-09 01:44:59,19.3241,19.24938506,9.885,77.945
2016-10-09 02:00:00,19.2074,19.1768220833333,9.80943,78.0226
2016-10-09 02:15:00,19.5237,19.0882434046666,9.8,78.0792
2016-10-09 02:29:59,19.5864,19.3117053273333,9.8,77.7815
2016-10-09 02:45:00,19.8433,19.7357702566667,9.8,77.2224
2016-10-09 03:00:00,20.535,20.0835574433333,9.79811,76.6321
2016-10-09 03:14:59,19.9384,19.67915642,9.64151,76.466
2016-10-09 03:30:00,19.8084,18.5124933846667,9.41786,76.4714
2016-10-09 03:45:00,19.6406,19.4876059566667,9.12281,76.7544
2016-10-09 03:59:59,18.6692,18.8589077733333,8.94151,77.3113
2016-10-09 04:15:00,18.593,18.6671969206667,8.9,77.4434
2016-10-09 04:30:00,19.0687,19.17613854,8.9,77.1263
2016-10-09 04:44:59,19.7396,19.5382792566667,8.9,76.48
2016-10-09 05:00:00,20.2948,19.7789911766666,8.9,75.9075
2016-10-09 05:15:00,18.2482,17.3794956446667,8.85849,76.2887
2016-10-09 05:29:59,16.4998,15.9279473186667,8.60847,77.061
2016-10-09 05:45:00,16.3067,16.7633333533333,8.44074,77.1167
2016-10-09 06:00:00,15.8781,15.8109516633333,8.31132,77.4057
2016-10-09 06:14:59,16.2648,15.96374633,8.3,78.0566
2016-10-09 06:30:00,15.7555,14.9184277233333,8.31864,78.761
2016-10-09 06:45:00,15.6423,15.5981662366667,8.3,78.9151
2016-10-09 06:59:59,14.3883,14.230016469,6.41321,79.2868
2016-10-09 07:15:00,14.6249,14.6279958836666,8.39818,79.42
2016-10-09 07:30:00,13.9456,14.0528211466666,8.63966,79.25
2016-10-09 07:44:59,14.027,14.5473909373333,8.96226,78.583
2016-10-09 08:00:00,17.0161,16.6993803593333,9.70577,77.2442
2016-10-09 08:15:00,17.1083,15.5104718343333,10.8123,75.4596
2016-10-09 08:29:59,18.0125,16.6966875913333,11.8679,73.0161
2016-10-09 08:45:00,19.5553,18.7033082633333,12.6491,70.4868
2016-10-09 09:00:00,19.4854,18.8430858266666,13.1604,69.1113
2016-10-09 09:14:59,20.5215,19.4620444266667,13.6949,67.5153
2016-10-09 09:30:00,20.9676,20.52543566,14.1167,65.9574
2016-10-09 09:45:00,22.0085,20.3382431803333,12.6943,64.466
2016-10-09 09:59:59,22.6113,21.74656032,14.6075,63.2528
2016-10-09 10:15:00,23.1,23.0361203266667,14.7133,62.085
2016-10-09 10:30:00,23.6798,23.0974872733333,14.883,61.4283
2016-10-09 10:44:59,24.1139,23.6538982266667,15.3038,59.866
2016-10-09 11:00:00,23.833,23.47339542,15.5273,59.0127
2016-10-09 11:15:00,23.1706,22.7113618933333,15.5879,58.6552
2016-10-09 11:29:59,23.2379,23.3944229866667,15.7321,58.2321
2016-10-09 11:45:00,24.0775,23.9980461066667,15.9,57.1547
2016-10-09 12:00:00,24.6904,24.2568182533333,16.0352,56.9241
2016-10-09 12:14:59,24.3087,23.8575392433333,16.3962,56.0491
2016-10-09 12:30:00,24.5794,23.3382849133333,16.4538,55.6135
2016-10-09 12:45:00,24.6525,24.4935466866667,16.393,55.2105
2016-10-09 12:59:59,24.3101,24.31059195,16.1036,55.8179
2016-10-09 13:15:00,25.4636,25.4147743633333,16.0528,54.9151
2016-10-09 13:30:00,25.575,25.1158378433334,16.1,54.5623
2016-10-09 13:44:59,24.7502,24.8623574866667,16.1034,55.0237
2016-10-09 14:00:00,24.724,23.6141687066667,16.263,54.9648
2016-10-09 14:15:00,25.1902,24.86959583,16.3,54.4377
2016-10-09 14:29:59,24.9454,24.2622732733334,16.3,53.7453
2016-10-09 14:45:00,24.152,24.3916455866667,16.2831,53.6017
2016-10-09 15:00:00,20.7118,22.3131223599999,16.2717,54.0566
2016-10-09 15:14:59,23.7629,23.9162708433333,16.3,54.0491
2016-10-09 15:30:00,23.3587,23.4797202733333,16.2091,54.2327
2016-10-09 15:45:00,24.1453,25.0396073733334,16.1,53.9069
2016-10-09 15:59:59,23.479,23.6209870133333,16.0434,54.1792
2016-10-09 16:15:00,23.6548,23.76518591,15.9264,54.0226
2016-10-09 16:30:00,23.6279,23.25028767,15.6737,54.4018
2016-10-09 16:44:59,22.6378,22.2888514466667,15.5018,55.3571
2016-10-09 17:00:00,21.511,21.90551354,15.4075,55.6132
2016-10-09 17:15:00,23.3839,22.8656052966667,15.3547,55.5019
2016-10-09 17:29:59,22.2089,21.93622206,13.3552,56.1983
2016-10-09 17:45:00,21.3362,21.67925288,14.7852,56.9389
2016-10-09 18:00:00,21.1281,21.49512384,14.5226,57.1038
2016-10-09 18:14:59,21.5365,21.3257684566667,14.1453,57.834
2016-10-09 18:30:00,20.9241,20.92548441,13.8633,58.7633
2016-10-09 18:45:00,20.6964,20.6945096133333,13.8,59.4151
2016-10-09 18:59:59,20.675,20.3031310133333,13.7038,60.2113
2016-10-09 19:15:00,17.241,17.8756918766667,13.5463,61.1241
2016-10-09 19:30:00,18.4823,17.8780365833333,13.3655,62.0897
2016-10-09 19:44:59,17.3556,17.3869706733333,13.1113,63.0962
2016-10-09 20:00:00,16.9466,16.9833012493333,12.917,64.0906
2016-10-09 20:15:00,16.1662,16.41414965,12.7298,65.0088
2016-10-09 20:29:59,16.474,16.24479562,12.5375,65.8393
2016-10-09 20:45:00,16.5924,16.846999192,12.3283,66.4396
2016-10-09 21:00:00,16.0564,15.861456634,12.1811,67.2377
2016-10-09 21:14:59,16.1421,16.0405157446667,11.9897,67.9931
2016-10-09 21:30:00,15.6322,15.6328195213333,11.7574,68.9
2016-10-09 21:45:00,14.92,15.0317736716667,11.5415,69.6887
2016-10-09 21:59:59,15.6578,15.5464678486667,11.4585,70.3208
2016-10-09 22:15:00,15.21,15.7537212833333,11.2983,70.665
2016-10-09 22:30:00,15.2697,15.2103366366666,11.1132,71.1434
2016-10-09 22:44:59,14.5705,14.628781644,10.9151,71.5698
2016-10-09 23:00:00,13.9393,13.815653345,10.7444,71.9907
2016-10-09 23:15:00,14.1114,14.216907214,10.6102,72.4475
2016-10-09 23:29:59,13.9866,14.2279057166667,10.4774,73.1189
2016-10-09 23:45:00,14.2248,13.8048253263333,10.3151,73.6434
2016-10-10 00:00:00,14.2457,13.4688117953333,10.1857,74.2196
2016-10-10 00:14:59,13.9205,14.2455953233333,10.0228,74.907
2016-10-10 00:30:00,12.943,12.8664130636667,9.88113,75.5226
2016-10-10 00:45:00,11.7148,11.7993248366667,9.70189,76.2189
2016-10-10 00:59:59,11.2225,10.975417751,9.48947,76.9982
2016-10-10 01:15:00,8.7342,9.26322853733333,9.27091,77.8182
2016-10-10 01:30:00,8.87638,9.10555710466667,9.18491,78.1925
2016-10-10 01:44:59,9.49689,9.99282240566666,9.06981,78.1358
2016-10-10 02:00:00,11.1761,11.1479256116667,9.05424,77.8983
2016-10-10 02:15:00,11.9906,11.4902851106667,9.18704,77.5593
2016-10-10 02:29:59,13.4684,12.698902453,9.2,77.1623
2016-10-10 02:45:00,11.1301,11.3852492163333,9.1434,77.3264
2016-10-10 03:00:00,9.91589,10.392677947,8.97288,77.4763
2016-10-10 03:14:59,10.532,11.0076677053333,8.87736,77.7434
2016-10-10 03:30:00,8.65012,8.10276435333332,8.58868,78.4264
2016-10-10 03:45:00,7.49794,7.55633471933336,8.28909,79.1109
2016-10-10 03:59:59,5.35654,5.87216018066668,8.01552,79.9362
2016-10-10 04:15:00,5.1276,7.38899066033331,7.72264,80.6151
2016-10-10 04:30:00,4.33846,4.641310483,7.50943,81.1887
2016-10-10 04:44:59,1.90532,3.59013502500001,7.33036,81.9143
2016-10-10 05:00:00,1.33908,3.06827351616666,7.14821,82.3196
2016-10-10 05:15:00,0.3773,2.38160803296,6.98113,82.7868
2016-10-10 07:15:00,0.437785,1.25544529717333,6.4717,84.1208
2016-10-10 07:30:00,1.84148,1.93763193508001,6.76727,83.4418
2016-10-10 07:44:59,5.4438,5.28164313775333,7.3386,81.5368
2016-10-10 08:00:00,8.90627,7.76682014923333,8.16981,79.2679
2016-10-10 08:15:00,11.2928,9.04186632276668,9.26038,75.4415
2016-10-10 08:29:59,15.3574,16.34220139,10.2596,70.907
2016-10-10 08:45:00,18.91,18.78778608,11.0804,67.8446
2016-10-10 09:00:00,19.706,19.3036482033333,9.55,65.1808
2016-10-10 09:14:59,18.5323,19.17063868,12.0189,63.3792
2016-10-10 09:30:00,18.7086,18.91951717,12.2102,62.0475
2016-10-10 09:45:00,17.8682,18.4466298066667,12.6259,61.0667
2016-10-10 09:59:59,20.0662,20.2871726233333,12.8745,60.1638
2016-10-10 10:15:00,23.3517,22.8177360733333,13.1526,59.3684
2016-10-10 10:30:00,23.9551,23.3485030166666,11.6019,58.4415
2016-10-10 10:44:59,24.603,24.38717197,13.7208,57.4528
2016-10-10 11:00:00,25.8717,25.1094628033333,13.9483,56.6448
2016-10-10 11:15:00,26.4583,25.9917382833334,14.24,55.6436
2016-10-10 11:29:59,27.2422,26.5533823266667,14.4377,55.1528
2016-10-10 11:45:00,28.3859,26.79659234,14.6472,54.5302
2016-10-10 12:00:00,28.9986,28.4122832266667,14.8767,53.68
2016-10-10 12:14:59,29.9325,28.8137147366667,15,52.8
2016-10-10 12:30:00,31.5224,32.0724747433333,14.8154,51.8731
2016-10-10 12:45:00,32.1441,29.541031,14.6,51.3636
2016-10-10 12:59:59,34.0813,33.77659616,14.6,50.7017
2016-10-10 13:15:00,34.3116,34.50990512,14.6,50.7509
2016-10-10 13:30:00,34.756,34.08218504,14.5396,50.2642
2016-10-10 13:44:59,35.6485,36.09211929,14.5714,49.3429
2016-10-10 14:00:00,36.2424,36.3402676366666,14.6,49.6125
2016-10-10 14:15:00,37.2744,34.9991950866667,14.6,49.2962
2016-10-10 14:29:59,37.272,36.76205752,14.6415,49.166
2016-10-10 14:45:00,37.6544,37.2159511633333,14.7621,48.6552
2016-10-10 15:00:00,38.0162,37.3971394033333,14.8635,48.4923
2016-10-10 15:14:59,35.2111,36.3525711966668,14.9208,48.4623
2016-10-10 15:30:00,36.22,36.11329218,15.0582,48.6018
2016-10-10 15:45:00,37.3029,37.56668994,15.1684,48.7175
2016-10-10 15:59:59,37.1434,33.7770429333334,15.2566,48.4528
2016-10-10 16:15:00,37.3591,37.4954363433333,15.3,48.1925
2016-10-10 16:30:00,37.7432,37.6788005166667,15.2895,48.3614
2016-10-10 16:44:59,38.999,37.7961342633333,15.1857,47.9804
2016-10-10 17:00:00,38.3228,37.2477597733334,15.0943,48.2792
2016-10-10 17:15:00,35.7817,36.24891808,15.0038,48.7849
2016-10-10 17:29:59,30.0342,29.87042709,14.7034,50.6983
2016-10-10 17:45:00,23.422,21.4096614746,14.1926,53.3074
2016-10-10 18:00:00,14.6369,15.9030954986667,13.6132,55.2057
2016-10-10 18:14:59,14.7527,15.2967997340667,13.0849,57.0019
2016-10-10 18:30:00,11.4528,12.7602427126,12.5492,59.178
2016-10-10 18:45:00,12.7629,15.2471843249333,12.0642,60.6698
2016-10-10 18:59:59,12.6866,12.0347692782667,11.6604,61.8038
2016-10-10 19:15:00,10.4971,11.0961847869333,11.3291,63.2855
2016-10-10 19:30:00,5.77544,6.10637132993332,10.9298,64.9702
2016-10-10 19:44:59,0.650104,2.68640620553333,10.6264,66.7208
2016-10-11 07:30:00,0.26497,0.745412891746667,5.57368,88.5579
2016-10-11 07:44:59,1.03508,1.14735201902,6.01091,88.1564
2016-10-11 08:00:00,1.86901,1.58682854634,6.76604,87.2679
2016-10-11 08:15:00,2.34817,2.37369169272666,7.90192,85.3923
2016-10-11 08:29:59,2.49335,3.93046217686666,9.04118,82.6667
2016-10-11 08:45:00,2.81194,3.35805066303333,9.87347,80.3327
2016-10-11 09:00:00,2.94727,3.01653921013333,10.6288,78.1173
2016-10-11 09:14:59,3.93619,3.46380291259999,11.6021,75.9646
2016-10-11 09:30:00,8.97625,9.70275647486667,12.6365,70.0058
2016-10-11 09:45:00,15.2617,14.8078369336,13.6458,64.5833
2016-10-11 09:59:59,17.5827,16.3893137488667,14.3283,61.3868
2016-10-11 10:15:00,17.9517,17.2653189492,14.8468,59.5851
2016-10-11 10:30:00,16.8757,16.9832849632,15.4667,57.7981
2016-10-11 10:44:59,17.6098,17.6853071066667,15.9043,56.9348
2016-10-11 11:00:00,18.184,18.5429456266667,16.5636,55.9164
2016-10-11 11:15:00,21.526,22.9340349166666,17.2783,54.3065
2016-10-11 11:29:59,23.1915,19.6989590583334,17.7764,52.9527
2016-10-11 11:45:00,23.0963,22.7002893466666,18.2565,52.3761
2016-10-11 12:00:00,22.9046,22.9813619366666,18.6073,52.0345
2016-10-11 12:14:59,21.7234,21.83658545,18.95,51.6739
2016-10-11 12:30:00,20.4585,21.7934751466667,19.24,51.6618
2016-10-11 12:45:00,23.1393,24.09702223,19.5609,51.3043
2016-10-11 12:59:59,26.3492,26.1983305966667,19.7304,51.3
2016-10-11 13:15:00,26.3522,25.7577493866666,19.9543,51.2826
2016-10-11 13:30:00,28.1845,27.4138474799999,20.1364,50.4945
2016-10-11 13:44:59,28.482,27.2069640866666,20.2,50.5587
2016-10-11 14:00:00,27.2924,26.445312558,20.1891,50.3982
2016-10-11 14:15:00,26.581,26.90423427,20.0283,51.1913
2016-10-11 14:29:59,27.5895,27.23184498,19.7727,51.1473
2016-10-11 14:45:00,26.5408,27.3071974533333,19.6217,51.5935
2016-10-11 15:00:00,25.4566,26.8090248733333,19.3909,52.0073
2016-10-11 15:14:59,22.9285,25.72495843,19.2239,52.9913
2016-10-11 15:30:00,23.1198,23.4218391633334,16.9815,53.3389
2016-10-11 15:45:00,21.7853,22.75820178,18.7787,54.234
2016-10-11 15:59:59,19.185,20.145010476,18.6019,54.6094
2016-10-11 16:15:00,15.2297,18.1276184966666,18.4979,55.3458
2016-10-11 16:30:00,14.8768,15.7281411153333,18.3673,55.9404
2016-10-11 16:44:59,9.15219,10.7280383856666,18.1875,57.3896
2016-10-11 17:00:00,9.95588,9.80335123793332,18.0231,57.5846
2016-10-11 17:15:00,8.85575,9.05520344586667,18.0143,57.5408
2016-10-11 17:29:59,5.90864,6.73515529373334,17.8216,58.6412
2016-10-11 17:45:00,2.29959,3.64821569910001,17.466,60.562
2016-10-11 18:00:00,1.0105,4.58129244186667,16.93,62.57
2016-10-11 18:59:59,0.975526,1.5494303997,15.0959,67.6306
2016-10-11 19:15:00,8.03066,8.56516929986666,15.1058,66.7038
2016-10-11 19:30:00,0.936807,2.99187854976667,15.1958,67.8896
2016-10-11 19:44:59,0.979815,1.42846577393333,15.0698,68.6283
2016-10-11 21:30:00,0.754578,2.30139295006667,12.46,76.1978
2016-10-11 21:45:00,3.46383,4.58521186143333,12.22,76.9473
2016-10-11 21:59:59,5.81648,6.22385651205332,12.2,77.1196
2016-10-11 22:15:00,7.32303,7.63564824558668,12.1327,77.0527
2016-10-11 22:30:00,9.32753,9.33899453266666,12.1,76.6674
2016-10-11 22:44:59,11.2164,10.349429965,12.1,76.3291
